1 , --map-by core ETH , 2048 x 2048 , 0.00953579 , 1.81198e-05 , 0.0150061 , 0.024564 , 
1 , --map-by core ETH , 2048 x 2048 , 0.010144 , 1.50204e-05 , 0.0144091 , 0.0245712 , 
1 , --map-by core ETH , 2048 x 2048 , 0.00972319 , 1.38283e-05 , 0.014848 , 0.0245879 , 
1 , --map-by core ETH , 2048 x 2048 , 0.00972509 , 1.5974e-05 , 0.014833 , 0.0245771 , 
1 , --map-by core ETH , 2048 x 2048 , 0.00971794 , 2.19345e-05 , 0.0148489 , 0.0245919 , 
1 , --map-by core ETH , 2048 x 2048 , 0.0101259 , 1.3113e-05 , 0.0144019 , 0.0245459 , 
1 , --map-by core ETH , 2048 x 2048 , 0.0101571 , 1.38283e-05 , 0.014401 , 0.0245759 , 
1 , --map-by core ETH , 2048 x 2048 , 0.0100849 , 1.40667e-05 , 0.0144901 , 0.0245931 , 
1 , --map-by core ETH , 2048 x 2048 , 0.00975895 , 1.3113e-05 , 0.014816 , 0.0245931 , 
1 , --map-by core ETH , 2048 x 2048 , 0.00973201 , 1.38283e-05 , 0.014818 , 0.024569 , 
2 , --map-by core ETH , 2048 x 2048 , 0.00828791 , 2.40803e-05 , 0.0101659 , 0.0184822 , 
2 , --map-by core ETH , 2048 x 2048 , 0.00840902 , 2.40803e-05 , 0.010036 , 0.018472 , 
2 , --map-by core ETH , 2048 x 2048 , 0.00782514 , 2.47955e-05 , 0.0106211 , 0.0184739 , 
2 , --map-by core ETH , 2048 x 2048 , 0.00917697 , 2.40803e-05 , 0.010103 , 0.0193071 , 
2 , --map-by core ETH , 2048 x 2048 , 0.00840688 , 2.81334e-05 , 0.010021 , 0.01846 , 
2 , --map-by core ETH , 2048 x 2048 , 0.00908399 , 2.5034e-05 , 0.0101769 , 0.01929 , 
2 , --map-by core ETH , 2048 x 2048 , 0.00845504 , 2.40803e-05 , 0.0100091 , 0.018492 , 
2 , --map-by core ETH , 2048 x 2048 , 0.0085659 , 2.40803e-05 , 0.0105259 , 0.0191188 , 
2 , --map-by core ETH , 2048 x 2048 , 0.00798512 , 2.47955e-05 , 0.0104661 , 0.0184801 , 
2 , --map-by core ETH , 2048 x 2048 , 0.00799894 , 2.40803e-05 , 0.0111749 , 0.019202 , 
3 , --map-by core ETH , 2048 x 2048 , 0.00833988 , 2.5034e-05 , 0.00936413 , 0.0177331 , 
3 , --map-by core ETH , 2048 x 2048 , 0.00766182 , 2.59876e-05 , 0.00914216 , 0.016834 , 
3 , --map-by core ETH , 2048 x 2048 , 0.00770307 , 2.5034e-05 , 0.00948787 , 0.0172188 , 
3 , --map-by core ETH , 2048 x 2048 , 0.00849104 , 2.5034e-05 , 0.00944591 , 0.017966 , 
3 , --map-by core ETH , 2048 x 2048 , 0.00821996 , 2.5034e-05 , 0.00971794 , 0.017966 , 
3 , --map-by core ETH , 2048 x 2048 , 0.00823808 , 2.40803e-05 , 0.00944996 , 0.0177159 , 
3 , --map-by core ETH , 2048 x 2048 , 0.00820899 , 2.38419e-05 , 0.00879312 , 0.017029 , 
3 , --map-by core ETH , 2048 x 2048 , 0.00804996 , 2.40803e-05 , 0.00905395 , 0.017132 , 
3 , --map-by core ETH , 2048 x 2048 , 0.0078969 , 2.5034e-05 , 0.00921702 , 0.0171421 , 
3 , --map-by core ETH , 2048 x 2048 , 0.00767493 , 2.40803e-05 , 0.00919485 , 0.016896 , 
4 , --map-by core ETH , 2048 x 2048 , 0.00779605 , 2.40803e-05 , 0.00778198 , 0.0156071 , 
4 , --map-by core ETH , 2048 x 2048 , 0.00742602 , 2.59876e-05 , 0.00822783 , 0.0156851 , 
4 , --map-by core ETH , 2048 x 2048 , 0.00836897 , 2.5034e-05 , 0.00831604 , 0.016712 , 
4 , --map-by core ETH , 2048 x 2048 , 0.00809479 , 2.40803e-05 , 0.00889301 , 0.017015 , 
4 , --map-by core ETH , 2048 x 2048 , 0.00770593 , 2.40803e-05 , 0.00912905 , 0.0168631 , 
4 , --map-by core ETH , 2048 x 2048 , 0.00818801 , 2.5034e-05 , 0.00877714 , 0.016993 , 
4 , --map-by core ETH , 2048 x 2048 , 0.00807381 , 2.40803e-05 , 0.00835514 , 0.0164561 , 
4 , --map-by core ETH , 2048 x 2048 , 0.00885797 , 2.38419e-05 , 0.00796413 , 0.01685 , 
4 , --map-by core ETH , 2048 x 2048 , 0.00859499 , 2.5034e-05 , 0.00771403 , 0.0163372 , 
4 , --map-by core ETH , 2048 x 2048 , 0.00776601 , 2.40803e-05 , 0.00774312 , 0.0155361 , 
5 , --map-by core ETH , 2048 x 2048 , 0.00802207 , 2.59876e-05 , 0.00899386 , 0.017046 , 
5 , --map-by core ETH , 2048 x 2048 , 0.00768495 , 2.5034e-05 , 0.00875616 , 0.0164702 , 
5 , --map-by core ETH , 2048 x 2048 , 0.00744796 , 2.5034e-05 , 0.00807309 , 0.0155492 , 
5 , --map-by core ETH , 2048 x 2048 , 0.00790501 , 2.5034e-05 , 0.00834084 , 0.016274 , 
5 , --map-by core ETH , 2048 x 2048 , 0.00791693 , 2.59876e-05 , 0.0089221 , 0.0168681 , 
5 , --map-by core ETH , 2048 x 2048 , 0.00850105 , 2.5034e-05 , 0.008744 , 0.0172729 , 
5 , --map-by core ETH , 2048 x 2048 , 0.00795507 , 2.59876e-05 , 0.0090611 , 0.017045 , 
5 , --map-by core ETH , 2048 x 2048 , 0.00735784 , 2.59876e-05 , 0.0084281 , 0.015815 , 
5 , --map-by core ETH , 2048 x 2048 , 0.0074389 , 2.5034e-05 , 0.00806808 , 0.0155351 , 
5 , --map-by core ETH , 2048 x 2048 , 0.00764608 , 2.47955e-05 , 0.00816798 , 0.015842 , 
6 , --map-by core ETH , 2048 x 2048 , 0.00783205 , 2.5034e-05 , 0.00819898 , 0.016058 , 
6 , --map-by core ETH , 2048 x 2048 , 0.00690389 , 2.5034e-05 , 0.0086751 , 0.0156071 , 
6 , --map-by core ETH , 2048 x 2048 , 0.00745678 , 2.5034e-05 , 0.00885916 , 0.0163431 , 
6 , --map-by core ETH , 2048 x 2048 , 0.00787687 , 2.59876e-05 , 0.00868201 , 0.0165889 , 
6 , --map-by core ETH , 2048 x 2048 , 0.00727201 , 2.59876e-05 , 0.00805402 , 0.0153549 , 
6 , --map-by core ETH , 2048 x 2048 , 0.00704098 , 2.59876e-05 , 0.00879216 , 0.015861 , 
6 , --map-by core ETH , 2048 x 2048 , 0.00819111 , 2.5034e-05 , 0.00805092 , 0.0162718 , 
6 , --map-by core ETH , 2048 x 2048 , 0.00796485 , 2.5034e-05 , 0.0088141 , 0.0168071 , 
6 , --map-by core ETH , 2048 x 2048 , 0.0075109 , 2.59876e-05 , 0.00868511 , 0.0162251 , 
6 , --map-by core ETH , 2048 x 2048 , 0.00771904 , 2.59876e-05 , 0.00879502 , 0.0165429 , 
7 , --map-by core ETH , 2048 x 2048 , 0.00677991 , 3.19481e-05 , 0.00856519 , 0.0153801 , 
7 , --map-by core ETH , 2048 x 2048 , 0.0082128 , 3.40939e-05 , 0.00858402 , 0.016835 , 
7 , --map-by core ETH , 2048 x 2048 , 0.00838804 , 3.31402e-05 , 0.00896692 , 0.017391 , 
7 , --map-by core ETH , 2048 x 2048 , 0.00841808 , 3.19481e-05 , 0.008636 , 0.0170898 , 
7 , --map-by core ETH , 2048 x 2048 , 0.00822592 , 3.09944e-05 , 0.00835299 , 0.0166128 , 
7 , --map-by core ETH , 2048 x 2048 , 0.00831795 , 3.31402e-05 , 0.00860405 , 0.016959 , 
7 , --map-by core ETH , 2048 x 2048 , 0.00793695 , 3.19481e-05 , 0.008461 , 0.016433 , 
7 , --map-by core ETH , 2048 x 2048 , 0.00674796 , 3.09944e-05 , 0.00852609 , 0.0153081 , 
7 , --map-by core ETH , 2048 x 2048 , 0.00796914 , 3.19481e-05 , 0.00892711 , 0.016932 , 
7 , --map-by core ETH , 2048 x 2048 , 0.00707817 , 3.29018e-05 , 0.008564 , 0.015677 , 
8 , --map-by core ETH , 2048 x 2048 , 0.00867391 , 2.59876e-05 , 0.00838304 , 0.0170851 , 
8 , --map-by core ETH , 2048 x 2048 , 0.00826502 , 2.5034e-05 , 0.00874591 , 0.0170379 , 
8 , --map-by core ETH , 2048 x 2048 , 0.00936389 , 2.5034e-05 , 0.0089581 , 0.0183511 , 
8 , --map-by core ETH , 2048 x 2048 , 0.00918794 , 2.5034e-05 , 0.00886512 , 0.0180819 , 
8 , --map-by core ETH , 2048 x 2048 , 0.00901794 , 2.59876e-05 , 0.00847411 , 0.01752 , 
8 , --map-by core ETH , 2048 x 2048 , 0.00862789 , 2.59876e-05 , 0.00844908 , 0.0171061 , 
8 , --map-by core ETH , 2048 x 2048 , 0.00967503 , 2.59876e-05 , 0.00843716 , 0.0181401 , 
8 , --map-by core ETH , 2048 x 2048 , 0.00833321 , 2.47955e-05 , 0.00891018 , 0.017271 , 
8 , --map-by core ETH , 2048 x 2048 , 0.00891709 , 2.5034e-05 , 0.00892496 , 0.0178709 , 
8 , --map-by core ETH , 2048 x 2048 , 0.009027 , 2.59876e-05 , 0.00898695 , 0.018044 , 
9 , --map-by core ETH , 2048 x 2048 , 0.009372 , 2.59876e-05 , 0.00814795 , 0.017549 , 
9 , --map-by core ETH , 2048 x 2048 , 0.00867009 , 2.59876e-05 , 0.00794411 , 0.016644 , 
9 , --map-by core ETH , 2048 x 2048 , 0.00874496 , 2.81334e-05 , 0.007864 , 0.0166399 , 
9 , --map-by core ETH , 2048 x 2048 , 0.00910783 , 2.69413e-05 , 0.0080502 , 0.0171871 , 
9 , --map-by core ETH , 2048 x 2048 , 0.00883293 , 2.69413e-05 , 0.00806618 , 0.0169291 , 
9 , --map-by core ETH , 2048 x 2048 , 0.00853992 , 2.69413e-05 , 0.00776005 , 0.01633 , 
9 , --map-by core ETH , 2048 x 2048 , 0.00928402 , 2.71797e-05 , 0.00769997 , 0.017014 , 
9 , --map-by core ETH , 2048 x 2048 , 0.00760698 , 2.69413e-05 , 0.008322 , 0.015959 , 
9 , --map-by core ETH , 2048 x 2048 , 0.00886703 , 2.71797e-05 , 0.00817299 , 0.0170691 , 
9 , --map-by core ETH , 2048 x 2048 , 0.00906301 , 2.71797e-05 , 0.00822186 , 0.0173149 , 
10 , --map-by core ETH , 2048 x 2048 , 0.00894094 , 2.7895e-05 , 0.00788498 , 0.0168569 , 
10 , --map-by core ETH , 2048 x 2048 , 0.00872087 , 2.69413e-05 , 0.00795102 , 0.0167031 , 
10 , --map-by core ETH , 2048 x 2048 , 0.00956392 , 2.7895e-05 , 0.00797296 , 0.0175681 , 
10 , --map-by core ETH , 2048 x 2048 , 0.0083828 , 2.71797e-05 , 0.008008 , 0.0164211 , 
10 , --map-by core ETH , 2048 x 2048 , 0.00968695 , 2.7895e-05 , 0.00749803 , 0.017216 , 
10 , --map-by core ETH , 2048 x 2048 , 0.00968814 , 2.7895e-05 , 0.00757313 , 0.017292 , 
10 , --map-by core ETH , 2048 x 2048 , 0.00932598 , 2.69413e-05 , 0.00747609 , 0.0168321 , 
10 , --map-by core ETH , 2048 x 2048 , 0.00956106 , 2.7895e-05 , 0.00826097 , 0.017854 , 
10 , --map-by core ETH , 2048 x 2048 , 0.00949478 , 2.71797e-05 , 0.00787497 , 0.0173991 , 
10 , --map-by core ETH , 2048 x 2048 , 0.00781894 , 2.59876e-05 , 0.0075829 , 0.01543 , 
11 , --map-by core ETH , 2048 x 2048 , 0.00981307 , 2.59876e-05 , 0.00733709 , 0.0171802 , 
11 , --map-by core ETH , 2048 x 2048 , 0.0105979 , 2.71797e-05 , 0.00737405 , 0.018003 , 
11 , --map-by core ETH , 2048 x 2048 , 0.00965691 , 2.59876e-05 , 0.00772905 , 0.0174139 , 
11 , --map-by core ETH , 2048 x 2048 , 0.010031 , 2.71797e-05 , 0.00771689 , 0.0177789 , 
11 , --map-by core ETH , 2048 x 2048 , 0.0100541 , 3.09944e-05 , 0.00735092 , 0.0174389 , 
11 , --map-by core ETH , 2048 x 2048 , 0.00994396 , 3.21865e-05 , 0.00777197 , 0.0177519 , 
11 , --map-by core ETH , 2048 x 2048 , 0.0101049 , 2.69413e-05 , 0.00767803 , 0.017813 , 
11 , --map-by core ETH , 2048 x 2048 , 0.0105009 , 2.71797e-05 , 0.00731683 , 0.0178468 , 
11 , --map-by core ETH , 2048 x 2048 , 0.0105069 , 2.81334e-05 , 0.00728083 , 0.0178189 , 
11 , --map-by core ETH , 2048 x 2048 , 0.00964308 , 2.28882e-05 , 0.00667715 , 0.0163472 , 
12 , --map-by core ETH , 2048 x 2048 , 0.00946212 , 2.38419e-05 , 0.00684214 , 0.01633 , 
12 , --map-by core ETH , 2048 x 2048 , 0.0101149 , 2.40803e-05 , 0.0068891 , 0.01703 , 
12 , --map-by core ETH , 2048 x 2048 , 0.00872588 , 2.69413e-05 , 0.00660205 , 0.015358 , 
12 , --map-by core ETH , 2048 x 2048 , 0.00900412 , 2.38419e-05 , 0.007092 , 0.0161219 , 
12 , --map-by core ETH , 2048 x 2048 , 0.00989294 , 2.69413e-05 , 0.00668812 , 0.0166101 , 
12 , --map-by core ETH , 2048 x 2048 , 0.00848103 , 2.40803e-05 , 0.00661397 , 0.015121 , 
12 , --map-by core ETH , 2048 x 2048 , 0.00968289 , 2.40803e-05 , 0.00686502 , 0.0165751 , 
12 , --map-by core ETH , 2048 x 2048 , 0.00949597 , 2.38419e-05 , 0.0068891 , 0.016412 , 
12 , --map-by core ETH , 2048 x 2048 , 0.0093689 , 2.81334e-05 , 0.00670004 , 0.0161002 , 
12 , --map-by core ETH , 2048 x 2048 , 0.00868297 , 2.5034e-05 , 0.00685596 , 0.0155671 , 
13 , --map-by core ETH , 2048 x 2048 , 0.00914288 , 2.40803e-05 , 0.00675797 , 0.0159271 , 
13 , --map-by core ETH , 2048 x 2048 , 0.00989509 , 2.5034e-05 , 0.00647902 , 0.0164011 , 
13 , --map-by core ETH , 2048 x 2048 , 0.00872183 , 2.28882e-05 , 0.00650001 , 0.0152481 , 
13 , --map-by core ETH , 2048 x 2048 , 0.0102801 , 2.40803e-05 , 0.00658298 , 0.0168891 , 
13 , --map-by core ETH , 2048 x 2048 , 0.00945401 , 2.31266e-05 , 0.00686479 , 0.0163438 , 
13 , --map-by core ETH , 2048 x 2048 , 0.00994587 , 2.5034e-05 , 0.00652409 , 0.0164981 , 
13 , --map-by core ETH , 2048 x 2048 , 0.00978208 , 2.40803e-05 , 0.00681782 , 0.0166259 , 
13 , --map-by core ETH , 2048 x 2048 , 0.00956893 , 2.31266e-05 , 0.00704885 , 0.016645 , 
13 , --map-by core ETH , 2048 x 2048 , 0.010011 , 2.40803e-05 , 0.0069859 , 0.0170238 , 
13 , --map-by core ETH , 2048 x 2048 , 0.00942087 , 2.40803e-05 , 0.00686288 , 0.01631 , 
14 , --map-by core ETH , 2048 x 2048 , 0.0104692 , 2.28882e-05 , 0.00680399 , 0.0172999 , 
14 , --map-by core ETH , 2048 x 2048 , 0.00976205 , 2.40803e-05 , 0.00677896 , 0.016567 , 
14 , --map-by core ETH , 2048 x 2048 , 0.0105581 , 2.28882e-05 , 0.0068121 , 0.017396 , 
14 , --map-by core ETH , 2048 x 2048 , 0.010184 , 2.38419e-05 , 0.00665307 , 0.0168641 , 
14 , --map-by core ETH , 2048 x 2048 , 0.010463 , 2.40803e-05 , 0.00701594 , 0.0175049 , 
14 , --map-by core ETH , 2048 x 2048 , 0.00999403 , 2.40803e-05 , 0.00681996 , 0.0168409 , 
14 , --map-by core ETH , 2048 x 2048 , 0.0105 , 2.40803e-05 , 0.006531 , 0.0170581 , 
14 , --map-by core ETH , 2048 x 2048 , 0.010463 , 2.28882e-05 , 0.00682712 , 0.0173149 , 
14 , --map-by core ETH , 2048 x 2048 , 0.011189 , 2.40803e-05 , 0.00650501 , 0.0177221 , 
14 , --map-by core ETH , 2048 x 2048 , 0.0104809 , 2.40803e-05 , 0.00681591 , 0.017324 , 
15 , --map-by core ETH , 2048 x 2048 , 0.009866 , 2.31266e-05 , 0.00678182 , 0.0166738 , 
15 , --map-by core ETH , 2048 x 2048 , 0.0106039 , 2.28882e-05 , 0.00649786 , 0.0171289 , 
15 , --map-by core ETH , 2048 x 2048 , 0.010534 , 2.38419e-05 , 0.00650215 , 0.0170631 , 
15 , --map-by core ETH , 2048 x 2048 , 0.0105669 , 2.31266e-05 , 0.00680089 , 0.0173941 , 
15 , --map-by core ETH , 2048 x 2048 , 0.010617 , 2.31266e-05 , 0.00681591 , 0.0174589 , 
15 , --map-by core ETH , 2048 x 2048 , 0.0107889 , 2.31266e-05 , 0.00653601 , 0.0173512 , 
15 , --map-by core ETH , 2048 x 2048 , 0.0101871 , 2.38419e-05 , 0.00649595 , 0.0167089 , 
15 , --map-by core ETH , 2048 x 2048 , 0.0102201 , 2.31266e-05 , 0.00678301 , 0.0170281 , 
15 , --map-by core ETH , 2048 x 2048 , 0.0105329 , 2.40803e-05 , 0.00650191 , 0.017061 , 
15 , --map-by core ETH , 2048 x 2048 , 0.010627 , 2.40803e-05 , 0.00678897 , 0.017442 , 
16 , --map-by core ETH , 2048 x 2048 , 0.0107691 , 2.40803e-05 , 0.00699091 , 0.017786 , 
16 , --map-by core ETH , 2048 x 2048 , 0.0107498 , 2.31266e-05 , 0.00678205 , 0.0175581 , 
16 , --map-by core ETH , 2048 x 2048 , 0.0107841 , 2.59876e-05 , 0.00669694 , 0.017509 , 
16 , --map-by core ETH , 2048 x 2048 , 0.010685 , 2.5034e-05 , 0.00652695 , 0.0172398 , 
16 , --map-by core ETH , 2048 x 2048 , 0.0107341 , 2.40803e-05 , 0.0066359 , 0.017396 , 
16 , --map-by core ETH , 2048 x 2048 , 0.0108092 , 2.38419e-05 , 0.00658202 , 0.017417 , 
16 , --map-by core ETH , 2048 x 2048 , 0.0107131 , 2.47955e-05 , 0.00683117 , 0.017571 , 
16 , --map-by core ETH , 2048 x 2048 , 0.0107419 , 2.28882e-05 , 0.00684094 , 0.0176089 , 
16 , --map-by core ETH , 2048 x 2048 , 0.010761 , 2.5034e-05 , 0.00682092 , 0.0176098 , 
16 , --map-by core ETH , 2048 x 2048 , 0.011138 , 2.59876e-05 , 0.00687099 , 0.0180371 , 
17 , --map-by core ETH , 2048 x 2048 , 0.0133231 , 7.70092e-05 , 0.00781202 , 0.0212159 , 
17 , --map-by core ETH , 2048 x 2048 , 0.0201631 , 7.60555e-05 , 0.0187318 , 0.038975 , 
17 , --map-by core ETH , 2048 x 2048 , 0.011723 , 7.10487e-05 , 0.00704694 , 0.0188439 , 
17 , --map-by core ETH , 2048 x 2048 , 0.0117109 , 7.20024e-05 , 0.00755095 , 0.0193369 , 
17 , --map-by core ETH , 2048 x 2048 , 0.0117881 , 6.50883e-05 , 0.00776601 , 0.0196221 , 
17 , --map-by core ETH , 2048 x 2048 , 0.0113499 , 5.6982e-05 , 0.00657296 , 0.017982 , 
17 , --map-by core ETH , 2048 x 2048 , 0.011811 , 6.50883e-05 , 0.00766587 , 0.0195458 , 
17 , --map-by core ETH , 2048 x 2048 , 0.0116441 , 7.20024e-05 , 0.00709391 , 0.0188138 , 
17 , --map-by core ETH , 2048 x 2048 , 0.0115099 , 5.81741e-05 , 0.0066638 , 0.0182362 , 
17 , --map-by core ETH , 2048 x 2048 , 0.0344431 , 6.8903e-05 , 0.0313261 , 0.065841 , 
18 , --map-by core ETH , 2048 x 2048 , 0.011739 , 7.48634e-05 , 0.00743318 , 0.0192502 , 
18 , --map-by core ETH , 2048 x 2048 , 0.0115528 , 5.31673e-05 , 0.00661588 , 0.018225 , 
18 , --map-by core ETH , 2048 x 2048 , 0.011765 , 6.79493e-05 , 0.00749612 , 0.0193322 , 
18 , --map-by core ETH , 2048 x 2048 , 0.011703 , 5.60284e-05 , 0.00661492 , 0.0183771 , 
18 , --map-by core ETH , 2048 x 2048 , 0.0129769 , 7.20024e-05 , 0.0193551 , 0.0324061 , 
18 , --map-by core ETH , 2048 x 2048 , 0.01159 , 5.88894e-05 , 0.00707102 , 0.0187221 , 
18 , --map-by core ETH , 2048 x 2048 , 0.0256619 , 6.98566e-05 , 0.019716 , 0.0454509 , 
18 , --map-by core ETH , 2048 x 2048 , 0.0119209 , 6.41346e-05 , 0.00753284 , 0.019521 , 
18 , --map-by core ETH , 2048 x 2048 , 0.0114799 , 7.51019e-05 , 0.0072 , 0.0187581 , 
18 , --map-by core ETH , 2048 x 2048 , 0.011929 , 6.58035e-05 , 0.00757098 , 0.0195689 , 
19 , --map-by core ETH , 2048 x 2048 , 0.011291 , 5.81741e-05 , 0.00691795 , 0.0182691 , 
19 , --map-by core ETH , 2048 x 2048 , 0.0117872 , 6.19888e-05 , 0.00709295 , 0.018945 , 
19 , --map-by core ETH , 2048 x 2048 , 0.012028 , 6.69956e-05 , 0.00798488 , 0.020083 , 
19 , --map-by core ETH , 2048 x 2048 , 0.011879 , 7.31945e-05 , 0.00749779 , 0.0194528 , 
19 , --map-by core ETH , 2048 x 2048 , 0.0117588 , 6.00815e-05 , 0.00669909 , 0.0185211 , 
19 , --map-by core ETH , 2048 x 2048 , 0.012131 , 7.70092e-05 , 0.00751185 , 0.0197241 , 
19 , --map-by core ETH , 2048 x 2048 , 0.0118968 , 6.69956e-05 , 0.00760818 , 0.0195742 , 
19 , --map-by core ETH , 2048 x 2048 , 0.0120049 , 6.50883e-05 , 0.00688696 , 0.018961 , 
19 , --map-by core ETH , 2048 x 2048 , 0.044595 , 7.00951e-05 , 0.077678 , 0.122347 , 
19 , --map-by core ETH , 2048 x 2048 , 0.0114861 , 6.60419e-05 , 0.00774503 , 0.0193 , 
20 , --map-by core ETH , 2048 x 2048 , 0.0120852 , 6.60419e-05 , 0.00720286 , 0.0193598 , 
20 , --map-by core ETH , 2048 x 2048 , 0.0122149 , 7.10487e-05 , 0.00745916 , 0.019747 , 
20 , --map-by core ETH , 2048 x 2048 , 0.0119171 , 6.79493e-05 , 0.00724697 , 0.0192351 , 
20 , --map-by core ETH , 2048 x 2048 , 0.0119421 , 6.79493e-05 , 0.00746012 , 0.0194731 , 
20 , --map-by core ETH , 2048 x 2048 , 0.0830698 , 6.41346e-05 , 0.0272141 , 0.110351 , 
20 , --map-by core ETH , 2048 x 2048 , 0.016592 , 6.79493e-05 , 0.0191839 , 0.0358469 , 
20 , --map-by core ETH , 2048 x 2048 , 0.0121391 , 7.00951e-05 , 0.00720096 , 0.0194139 , 
20 , --map-by core ETH , 2048 x 2048 , 0.012392 , 6.29425e-05 , 0.007967 , 0.020426 , 
20 , --map-by core ETH , 2048 x 2048 , 0.021734 , 6.98566e-05 , 0.0175261 , 0.0393341 , 
20 , --map-by core ETH , 2048 x 2048 , 0.0120401 , 6.60419e-05 , 0.00745201 , 0.0195611 , 
21 , --map-by core ETH , 2048 x 2048 , 0.0288739 , 6.41346e-05 , 0.00780702 , 0.0367482 , 
21 , --map-by core ETH , 2048 x 2048 , 0.01191 , 6.79493e-05 , 0.00782204 , 0.0198021 , 
21 , --map-by core ETH , 2048 x 2048 , 0.012059 , 6.79493e-05 , 0.00749421 , 0.0196261 , 
21 , --map-by core ETH , 2048 x 2048 , 0.011976 , 6.29425e-05 , 0.00711608 , 0.0191581 , 
21 , --map-by core ETH , 2048 x 2048 , 0.0122721 , 7.20024e-05 , 0.00710201 , 0.0194499 , 
21 , --map-by core ETH , 2048 x 2048 , 0.018048 , 6.19888e-05 , 0.016988 , 0.0351 , 
21 , --map-by core ETH , 2048 x 2048 , 0.012213 , 6.91414e-05 , 0.00720596 , 0.0194919 , 
21 , --map-by core ETH , 2048 x 2048 , 0.0123141 , 6.69956e-05 , 0.00752401 , 0.0199082 , 
21 , --map-by core ETH , 2048 x 2048 , 0.0120628 , 6.41346e-05 , 0.00709891 , 0.0192289 , 
21 , --map-by core ETH , 2048 x 2048 , 0.0120568 , 5.31673e-05 , 0.0065248 , 0.0186379 , 
22 , --map-by core ETH , 2048 x 2048 , 0.0121958 , 7.51019e-05 , 0.00754905 , 0.0198231 , 
22 , --map-by core ETH , 2048 x 2048 , 0.012337 , 6.8903e-05 , 0.00777411 , 0.020184 , 
22 , --map-by core ETH , 2048 x 2048 , 0.0521989 , 7.41482e-05 , 0.037035 , 0.0893102 , 
22 , --map-by core ETH , 2048 x 2048 , 0.0123601 , 6.79493e-05 , 0.00734115 , 0.019773 , 
22 , --map-by core ETH , 2048 x 2048 , 0.0123789 , 7.70092e-05 , 0.00755811 , 0.0200191 , 
22 , --map-by core ETH , 2048 x 2048 , 0.0122371 , 7.48634e-05 , 0.00754905 , 0.019865 , 
22 , --map-by core ETH , 2048 x 2048 , 0.012357 , 6.38962e-05 , 0.00751615 , 0.0199401 , 
22 , --map-by core ETH , 2048 x 2048 , 0.0121 , 6.19888e-05 , 0.00774503 , 0.0199101 , 
22 , --map-by core ETH , 2048 x 2048 , 0.0122228 , 8.32081e-05 , 0.00703788 , 0.0193481 , 
22 , --map-by core ETH , 2048 x 2048 , 0.012361 , 6.58035e-05 , 0.00791311 , 0.020344 , 
23 , --map-by core ETH , 2048 x 2048 , 0.039134 , 6.31809e-05 , 0.0354199 , 0.074621 , 
23 , --map-by core ETH , 2048 x 2048 , 0.012213 , 6.38962e-05 , 0.00752807 , 0.0198081 , 
23 , --map-by core ETH , 2048 x 2048 , 0.188448 , 6.69956e-05 , 0.020385 , 0.208904 , 
23 , --map-by core ETH , 2048 x 2048 , 0.0120039 , 5.4121e-05 , 0.00708199 , 0.0191431 , 
23 , --map-by core ETH , 2048 x 2048 , 0.0116599 , 5.81741e-05 , 0.00750184 , 0.019223 , 
23 , --map-by core ETH , 2048 x 2048 , 0.011904 , 6.69956e-05 , 0.00748491 , 0.0194578 , 
23 , --map-by core ETH , 2048 x 2048 , 0.03795 , 7.00951e-05 , 0.0310509 , 0.0690749 , 
23 , --map-by core ETH , 2048 x 2048 , 0.01178 , 6.69956e-05 , 0.00692582 , 0.0187759 , 
23 , --map-by core ETH , 2048 x 2048 , 0.011704 , 6.69956e-05 , 0.00706506 , 0.0188398 , 
23 , --map-by core ETH , 2048 x 2048 , 0.012064 , 7.00951e-05 , 0.00753903 , 0.0196772 , 
24 , --map-by core ETH , 2048 x 2048 , 0.0239708 , 6.81877e-05 , 0.00697589 , 0.031018 , 
24 , --map-by core ETH , 2048 x 2048 , 0.0118921 , 7.08103e-05 , 0.00706697 , 0.019033 , 
24 , --map-by core ETH , 2048 x 2048 , 0.011862 , 6.19888e-05 , 0.00696397 , 0.0188909 , 
24 , --map-by core ETH , 2048 x 2048 , 0.0117979 , 5.10216e-05 , 0.00662613 , 0.0184782 , 
24 , --map-by core ETH , 2048 x 2048 , 0.0122259 , 5.91278e-05 , 0.00690699 , 0.0191951 , 
24 , --map-by core ETH , 2048 x 2048 , 0.0119882 , 5.29289e-05 , 0.0069809 , 0.0190239 , 
24 , --map-by core ETH , 2048 x 2048 , 0.0125978 , 7.41482e-05 , 0.00759101 , 0.020268 , 
24 , --map-by core ETH , 2048 x 2048 , 0.0140541 , 6.60419e-05 , 0.00790501 , 0.022028 , 
24 , --map-by core ETH , 2048 x 2048 , 0.017643 , 7.00951e-05 , 0.019192 , 0.0369081 , 
24 , --map-by core ETH , 2048 x 2048 , 0.0142159 , 6.60419e-05 , 0.0188169 , 0.033103 , 
25 , --map-by core ETH , 2048 x 2048 , 0.012491 , 6.60419e-05 , 0.00718403 , 0.0197461 , 
25 , --map-by core ETH , 2048 x 2048 , 0.013072 , 8.29697e-05 , 0.00872111 , 0.0218801 , 
25 , --map-by core ETH , 2048 x 2048 , 0.0309849 , 6.79493e-05 , 0.0178668 , 0.048924 , 
25 , --map-by core ETH , 2048 x 2048 , 0.012671 , 6.60419e-05 , 0.00713086 , 0.019872 , 
25 , --map-by core ETH , 2048 x 2048 , 0.030304 , 7.20024e-05 , 0.0188379 , 0.049217 , 
25 , --map-by core ETH , 2048 x 2048 , 0.0127621 , 6.48499e-05 , 0.00766516 , 0.0204952 , 
25 , --map-by core ETH , 2048 x 2048 , 0.0126531 , 6.38962e-05 , 0.015384 , 0.0281048 , 
25 , --map-by core ETH , 2048 x 2048 , 0.036103 , 6.60419e-05 , 0.0192111 , 0.055383 , 
25 , --map-by core ETH , 2048 x 2048 , 0.013175 , 6.60419e-05 , 0.00776696 , 0.021013 , 
25 , --map-by core ETH , 2048 x 2048 , 0.0128109 , 7.29561e-05 , 0.00725412 , 0.0201411 , 
26 , --map-by core ETH , 2048 x 2048 , 0.0558932 , 7.29561e-05 , 0.020164 , 0.0761349 , 
26 , --map-by core ETH , 2048 x 2048 , 0.0129669 , 6.91414e-05 , 0.00771999 , 0.0207591 , 
26 , --map-by core ETH , 2048 x 2048 , 0.01296 , 6.69956e-05 , 0.00751495 , 0.020545 , 
26 , --map-by core ETH , 2048 x 2048 , 0.015841 , 7.00951e-05 , 0.0192189 , 0.0351341 , 
26 , --map-by core ETH , 2048 x 2048 , 0.022857 , 6.41346e-05 , 0.0195119 , 0.0424371 , 
26 , --map-by core ETH , 2048 x 2048 , 0.0299809 , 6.60419e-05 , 0.0299909 , 0.060041 , 
26 , --map-by core ETH , 2048 x 2048 , 0.0131929 , 6.8903e-05 , 0.00764012 , 0.0209072 , 
26 , --map-by core ETH , 2048 x 2048 , 0.0227282 , 8.17776e-05 , 0.0111458 , 0.0339611 , 
26 , --map-by core ETH , 2048 x 2048 , 0.0326898 , 7.29561e-05 , 0.0196409 , 0.0524099 , 
26 , --map-by core ETH , 2048 x 2048 , 0.0171392 , 6.98566e-05 , 0.0192811 , 0.0364921 , 
27 , --map-by core ETH , 2048 x 2048 , 0.057111 , 6.19888e-05 , 0.0394659 , 0.0966439 , 
27 , --map-by core ETH , 2048 x 2048 , 0.013392 , 8.41618e-05 , 0.00862694 , 0.0221062 , 
27 , --map-by core ETH , 2048 x 2048 , 0.0377901 , 7.20024e-05 , 0.012696 , 0.0505621 , 
27 , --map-by core ETH , 2048 x 2048 , 0.0487318 , 7.00951e-05 , 0.0341351 , 0.0829401 , 
27 , --map-by core ETH , 2048 x 2048 , 0.0196049 , 6.50883e-05 , 0.017611 , 0.0372851 , 
27 , --map-by core ETH , 2048 x 2048 , 0.0455592 , 6.98566e-05 , 0.0218861 , 0.067518 , 
27 , --map-by core ETH , 2048 x 2048 , 0.0434301 , 7.00951e-05 , 0.0340219 , 0.0775259 , 
27 , --map-by core ETH , 2048 x 2048 , 0.0425348 , 6.91414e-05 , 0.025068 , 0.067677 , 
27 , --map-by core ETH , 2048 x 2048 , 0.022548 , 6.81877e-05 , 0.0526359 , 0.0752549 , 
27 , --map-by core ETH , 2048 x 2048 , 0.0466959 , 6.98566e-05 , 0.050827 , 0.0975959 , 
28 , --map-by core ETH , 2048 x 2048 , 0.0134611 , 6.69956e-05 , 0.0169659 , 0.0304959 , 
28 , --map-by core ETH , 2048 x 2048 , 0.057925 , 5.29289e-05 , 0.040297 , 0.098278 , 
28 , --map-by core ETH , 2048 x 2048 , 0.0127959 , 7.00951e-05 , 0.00773692 , 0.020606 , 
28 , --map-by core ETH , 2048 x 2048 , 0.022058 , 5.50747e-05 , 0.0164189 , 0.0385349 , 
28 , --map-by core ETH , 2048 x 2048 , 0.0128431 , 6.69956e-05 , 0.00724912 , 0.020164 , 
28 , --map-by core ETH , 2048 x 2048 , 0.0611649 , 7.00951e-05 , 0.0378931 , 0.0991311 , 
28 , --map-by core ETH , 2048 x 2048 , 0.0272379 , 5.10216e-05 , 0.016058 , 0.043349 , 
28 , --map-by core ETH , 2048 x 2048 , 0.043823 , 6.29425e-05 , 0.0349481 , 0.0788381 , 
28 , --map-by core ETH , 2048 x 2048 , 0.012789 , 6.79493e-05 , 0.014168 , 0.027029 , 
28 , --map-by core ETH , 2048 x 2048 , 0.015451 , 5.38826e-05 , 0.00858212 , 0.0240891 , 
29 , --map-by core ETH , 2048 x 2048 , 0.024801 , 7.39098e-05 , 0.016145 , 0.041024 , 
29 , --map-by core ETH , 2048 x 2048 , 0.02019 , 8.01086e-05 , 0.0194089 , 0.0396829 , 
29 , --map-by core ETH , 2048 x 2048 , 0.0267658 , 7.29561e-05 , 0.0180991 , 0.0449409 , 
29 , --map-by core ETH , 2048 x 2048 , 0.025347 , 7.39098e-05 , 0.0187311 , 0.0441561 , 
29 , --map-by core ETH , 2048 x 2048 , 0.0226431 , 6.79493e-05 , 0.0273321 , 0.0500469 , 
29 , --map-by core ETH , 2048 x 2048 , 0.026741 , 7.20024e-05 , 0.0130379 , 0.039854 , 
29 , --map-by core ETH , 2048 x 2048 , 0.017144 , 7.20024e-05 , 0.018311 , 0.035531 , 
29 , --map-by core ETH , 2048 x 2048 , 0.0195949 , 7.60555e-05 , 0.014641 , 0.034317 , 
29 , --map-by core ETH , 2048 x 2048 , 0.026824 , 6.50883e-05 , 0.014235 , 0.041127 , 
29 , --map-by core ETH , 2048 x 2048 , 0.0610669 , 5.81741e-05 , 0.0706019 , 0.131729 , 
30 , --map-by core ETH , 2048 x 2048 , 0.0139658 , 7.00951e-05 , 0.00760794 , 0.021647 , 
30 , --map-by core ETH , 2048 x 2048 , 0.025028 , 6.60419e-05 , 0.0189269 , 0.0440252 , 
30 , --map-by core ETH , 2048 x 2048 , 0.036119 , 7.79629e-05 , 0.0273941 , 0.063596 , 
30 , --map-by core ETH , 2048 x 2048 , 0.021462 , 8.01086e-05 , 0.0149238 , 0.036469 , 
30 , --map-by core ETH , 2048 x 2048 , 0.0216799 , 6.60419e-05 , 0.016634 , 0.0383842 , 
30 , --map-by core ETH , 2048 x 2048 , 0.0923359 , 5.50747e-05 , 0.050544 , 0.142937 , 
30 , --map-by core ETH , 2048 x 2048 , 0.021632 , 7.00951e-05 , 0.018518 , 0.0402219 , 
30 , --map-by core ETH , 2048 x 2048 , 0.123615 , 7.51019e-05 , 0.0708308 , 0.194524 , 
30 , --map-by core ETH , 2048 x 2048 , 0.0200322 , 7.29561e-05 , 0.01828 , 0.038388 , 
30 , --map-by core ETH , 2048 x 2048 , 0.029222 , 6.29425e-05 , 0.011831 , 0.041121 , 
31 , --map-by core ETH , 2048 x 2048 , 0.17366 , 7.60555e-05 , 0.058779 , 0.23252 , 
31 , --map-by core ETH , 2048 x 2048 , 0.0137191 , 7.89165e-05 , 0.01805 , 0.0318511 , 
31 , --map-by core ETH , 2048 x 2048 , 0.0132401 , 6.38962e-05 , 0.0073359 , 0.020643 , 
31 , --map-by core ETH , 2048 x 2048 , 0.0368531 , 6.79493e-05 , 0.059742 , 0.0966661 , 
31 , --map-by core ETH , 2048 x 2048 , 0.0715089 , 7.20024e-05 , 0.140422 , 0.212006 , 
31 , --map-by core ETH , 2048 x 2048 , 0.043407 , 7.00951e-05 , 0.0596499 , 0.103131 , 
31 , --map-by core ETH , 2048 x 2048 , 0.0207791 , 6.29425e-05 , 0.0594521 , 0.0802979 , 
31 , --map-by core ETH , 2048 x 2048 , 0.0344751 , 6.8903e-05 , 0.0401571 , 0.0747061 , 
31 , --map-by core ETH , 2048 x 2048 , 0.0164928 , 6.69956e-05 , 0.0166512 , 0.033215 , 
31 , --map-by core ETH , 2048 x 2048 , 0.121537 , 6.8903e-05 , 0.0188661 , 0.140476 , 
32 , --map-by core ETH , 2048 x 2048 , 0.04971 , 5.91278e-05 , 0.036823 , 0.086596 , 
32 , --map-by core ETH , 2048 x 2048 , 0.283271 , 7.48634e-05 , 0.178753 , 0.462102 , 
32 , --map-by core ETH , 2048 x 2048 , 0.0462191 , 7.10487e-05 , 0.0391929 , 0.0854859 , 
32 , --map-by core ETH , 2048 x 2048 , 0.167183 , 6.8903e-05 , 0.043926 , 0.211182 , 
32 , --map-by core ETH , 2048 x 2048 , 0.0566349 , 5.60284e-05 , 0.0576389 , 0.114333 , 
32 , --map-by core ETH , 2048 x 2048 , 0.0976059 , 7.00951e-05 , 0.098469 , 0.196151 , 
32 , --map-by core ETH , 2048 x 2048 , 0.0253658 , 7.70092e-05 , 0.0202231 , 0.0456691 , 
32 , --map-by core ETH , 2048 x 2048 , 0.0336351 , 6.29425e-05 , 0.0549979 , 0.0886979 , 
32 , --map-by core ETH , 2048 x 2048 , 0.0715339 , 8.10623e-05 , 0.018754 , 0.0903721 , 
32 , --map-by core ETH , 2048 x 2048 , 0.099828 , 7.00951e-05 , 0.0593541 , 0.159255 , 
1 , --map-by core ETH , 4096 x 4096 , 0.032922 , 1.09673e-05 , 0.0496151 , 0.0825529 , 
1 , --map-by core ETH , 4096 x 4096 , 0.0326979 , 1.19209e-05 , 0.0498841 , 0.082598 , 
1 , --map-by core ETH , 4096 x 4096 , 0.033159 , 1.09673e-05 , 0.0495629 , 0.082736 , 
1 , --map-by core ETH , 4096 x 4096 , 0.032882 , 1.09673e-05 , 0.0495799 , 0.0824769 , 
1 , --map-by core ETH , 4096 x 4096 , 0.0396218 , 1.40667e-05 , 0.050653 , 0.0902929 , 
1 , --map-by core ETH , 4096 x 4096 , 0.0392649 , 2.00272e-05 , 0.0509231 , 0.0902121 , 
1 , --map-by core ETH , 4096 x 4096 , 0.03248 , 1.69277e-05 , 0.0499971 , 0.082499 , 
1 , --map-by core ETH , 4096 x 4096 , 0.0328979 , 1.62125e-05 , 0.0496049 , 0.0825241 , 
1 , --map-by core ETH , 4096 x 4096 , 0.035989 , 1.69277e-05 , 0.049912 , 0.0859239 , 
1 , --map-by core ETH , 4096 x 4096 , 0.0331509 , 1.09673e-05 , 0.0496011 , 0.082767 , 
2 , --map-by core ETH , 4096 x 4096 , 0.0279169 , 2.00272e-05 , 0.037261 , 0.065202 , 
2 , --map-by core ETH , 4096 x 4096 , 0.02824 , 2.00272e-05 , 0.036886 , 0.06515 , 
2 , --map-by core ETH , 4096 x 4096 , 0.0281041 , 2.00272e-05 , 0.0363538 , 0.064482 , 
2 , --map-by core ETH , 4096 x 4096 , 0.028373 , 1.90735e-05 , 0.036639 , 0.0650351 , 
2 , --map-by core ETH , 4096 x 4096 , 0.0282121 , 2.09808e-05 , 0.0370219 , 0.0652599 , 
2 , --map-by core ETH , 4096 x 4096 , 0.0284061 , 2.09808e-05 , 0.0367179 , 0.0651488 , 
2 , --map-by core ETH , 4096 x 4096 , 0.0278509 , 2.09808e-05 , 0.0362291 , 0.064106 , 
2 , --map-by core ETH , 4096 x 4096 , 0.028136 , 1.90735e-05 , 0.0362518 , 0.0644109 , 
2 , --map-by core ETH , 4096 x 4096 , 0.027905 , 2.00272e-05 , 0.0365171 , 0.0644462 , 
2 , --map-by core ETH , 4096 x 4096 , 0.0281949 , 2.00272e-05 , 0.0369999 , 0.0652189 , 
3 , --map-by core ETH , 4096 x 4096 , 0.026927 , 2.09808e-05 , 0.031755 , 0.058708 , 
3 , --map-by core ETH , 4096 x 4096 , 0.026906 , 2.09808e-05 , 0.0317831 , 0.058713 , 
3 , --map-by core ETH , 4096 x 4096 , 0.0272431 , 2.09808e-05 , 0.031837 , 0.0591049 , 
3 , --map-by core ETH , 4096 x 4096 , 0.027082 , 2.09808e-05 , 0.031743 , 0.05885 , 
3 , --map-by core ETH , 4096 x 4096 , 0.027154 , 2.00272e-05 , 0.031925 , 0.059103 , 
3 , --map-by core ETH , 4096 x 4096 , 0.026854 , 2.09808e-05 , 0.031903 , 0.0587821 , 
3 , --map-by core ETH , 4096 x 4096 , 0.02723 , 2.09808e-05 , 0.0319881 , 0.059242 , 
3 , --map-by core ETH , 4096 x 4096 , 0.027431 , 2.00272e-05 , 0.032033 , 0.0594881 , 
3 , --map-by core ETH , 4096 x 4096 , 0.02686 , 2.19345e-05 , 0.0314989 , 0.0583839 , 
3 , --map-by core ETH , 4096 x 4096 , 0.0267961 , 2.19345e-05 , 0.0316839 , 0.058506 , 
4 , --map-by core ETH , 4096 x 4096 , 0.026618 , 2.28882e-05 , 0.0298049 , 0.0564499 , 
4 , --map-by core ETH , 4096 x 4096 , 0.026897 , 2.21729e-05 , 0.0300689 , 0.0569921 , 
4 , --map-by core ETH , 4096 x 4096 , 0.0267341 , 2.19345e-05 , 0.0294631 , 0.0562229 , 
4 , --map-by core ETH , 4096 x 4096 , 0.0265639 , 2.21729e-05 , 0.0303569 , 0.056947 , 
4 , --map-by core ETH , 4096 x 4096 , 0.0262871 , 2.19345e-05 , 0.0293579 , 0.055671 , 
4 , --map-by core ETH , 4096 x 4096 , 0.0267859 , 2.12193e-05 , 0.0298409 , 0.056653 , 
4 , --map-by core ETH , 4096 x 4096 , 0.0266321 , 2.19345e-05 , 0.0291049 , 0.055763 , 
4 , --map-by core ETH , 4096 x 4096 , 0.0270379 , 2.09808e-05 , 0.0294449 , 0.056509 , 
4 , --map-by core ETH , 4096 x 4096 , 0.0259778 , 2.21729e-05 , 0.0303619 , 0.056366 , 
4 , --map-by core ETH , 4096 x 4096 , 0.0268021 , 2.19345e-05 , 0.029489 , 0.0563171 , 
5 , --map-by core ETH , 4096 x 4096 , 0.0263438 , 2.31266e-05 , 0.029161 , 0.055532 , 
5 , --map-by core ETH , 4096 x 4096 , 0.0266519 , 2.31266e-05 , 0.0290949 , 0.055774 , 
5 , --map-by core ETH , 4096 x 4096 , 0.0270479 , 2.31266e-05 , 0.0297 , 0.0567741 , 
5 , --map-by core ETH , 4096 x 4096 , 0.026844 , 2.28882e-05 , 0.029283 , 0.056154 , 
5 , --map-by core ETH , 4096 x 4096 , 0.026756 , 2.19345e-05 , 0.0292161 , 0.0559971 , 
5 , --map-by core ETH , 4096 x 4096 , 0.0263221 , 2.19345e-05 , 0.0297639 , 0.0561118 , 
5 , --map-by core ETH , 4096 x 4096 , 0.025779 , 2.28882e-05 , 0.02964 , 0.055445 , 
5 , --map-by core ETH , 4096 x 4096 , 0.0260479 , 2.40803e-05 , 0.029614 , 0.0556901 , 
5 , --map-by core ETH , 4096 x 4096 , 0.0264399 , 2.31266e-05 , 0.029635 , 0.056102 , 
5 , --map-by core ETH , 4096 x 4096 , 0.0263569 , 2.31266e-05 , 0.0293779 , 0.055764 , 
6 , --map-by core ETH , 4096 x 4096 , 0.025691 , 2.28882e-05 , 0.0290661 , 0.0547841 , 
6 , --map-by core ETH , 4096 x 4096 , 0.0258179 , 2.31266e-05 , 0.029326 , 0.055171 , 
6 , --map-by core ETH , 4096 x 4096 , 0.0255048 , 2.40803e-05 , 0.029443 , 0.054976 , 
6 , --map-by core ETH , 4096 x 4096 , 0.025799 , 2.19345e-05 , 0.0289762 , 0.0548012 , 
6 , --map-by core ETH , 4096 x 4096 , 0.026696 , 2.31266e-05 , 0.028831 , 0.0555542 , 
6 , --map-by core ETH , 4096 x 4096 , 0.026083 , 2.59876e-05 , 0.0289791 , 0.0550921 , 
6 , --map-by core ETH , 4096 x 4096 , 0.0258899 , 2.21729e-05 , 0.02929 , 0.055207 , 
6 , --map-by core ETH , 4096 x 4096 , 0.0263588 , 2.31266e-05 , 0.0295129 , 0.0558999 , 
6 , --map-by core ETH , 4096 x 4096 , 0.02583 , 2.38419e-05 , 0.0291581 , 0.0550151 , 
6 , --map-by core ETH , 4096 x 4096 , 0.0258238 , 2.21729e-05 , 0.028976 , 0.054826 , 
7 , --map-by core ETH , 4096 x 4096 , 0.026577 , 2.81334e-05 , 0.030349 , 0.0569599 , 
7 , --map-by core ETH , 4096 x 4096 , 0.0264349 , 3.00407e-05 , 0.0300941 , 0.0565631 , 
7 , --map-by core ETH , 4096 x 4096 , 0.025991 , 3.00407e-05 , 0.030684 , 0.0567091 , 
7 , --map-by core ETH , 4096 x 4096 , 0.0254059 , 2.88486e-05 , 0.0295792 , 0.0550201 , 
7 , --map-by core ETH , 4096 x 4096 , 0.026196 , 2.98023e-05 , 0.030246 , 0.0564759 , 
7 , --map-by core ETH , 4096 x 4096 , 0.0265701 , 2.88486e-05 , 0.0296161 , 0.0562201 , 
7 , --map-by core ETH , 4096 x 4096 , 0.0257649 , 3.19481e-05 , 0.0298791 , 0.05568 , 
7 , --map-by core ETH , 4096 x 4096 , 0.0263069 , 2.90871e-05 , 0.0301609 , 0.0565009 , 
7 , --map-by core ETH , 4096 x 4096 , 0.0266359 , 2.90871e-05 , 0.030623 , 0.057292 , 
7 , --map-by core ETH , 4096 x 4096 , 0.026293 , 2.88486e-05 , 0.0306821 , 0.0570099 , 
8 , --map-by core ETH , 4096 x 4096 , 0.02563 , 2.40803e-05 , 0.031589 , 0.0572472 , 
8 , --map-by core ETH , 4096 x 4096 , 0.0267749 , 2.31266e-05 , 0.031188 , 0.057991 , 
8 , --map-by core ETH , 4096 x 4096 , 0.025811 , 2.31266e-05 , 0.031626 , 0.0574639 , 
8 , --map-by core ETH , 4096 x 4096 , 0.02595 , 2.31266e-05 , 0.0316319 , 0.05761 , 
8 , --map-by core ETH , 4096 x 4096 , 0.025857 , 2.28882e-05 , 0.0308781 , 0.0567629 , 
8 , --map-by core ETH , 4096 x 4096 , 0.0265069 , 2.31266e-05 , 0.0316579 , 0.058192 , 
8 , --map-by core ETH , 4096 x 4096 , 0.026391 , 2.28882e-05 , 0.0310371 , 0.057456 , 
8 , --map-by core ETH , 4096 x 4096 , 0.0260439 , 2.31266e-05 , 0.032562 , 0.0586321 , 
8 , --map-by core ETH , 4096 x 4096 , 0.0261142 , 2.19345e-05 , 0.0319309 , 0.0580719 , 
8 , --map-by core ETH , 4096 x 4096 , 0.0258071 , 2.28882e-05 , 0.030813 , 0.0566471 , 
9 , --map-by core ETH , 4096 x 4096 , 0.0253332 , 2.7895e-05 , 0.029624 , 0.0549889 , 
9 , --map-by core ETH , 4096 x 4096 , 0.0251648 , 2.40803e-05 , 0.0292339 , 0.0544269 , 
9 , --map-by core ETH , 4096 x 4096 , 0.024996 , 2.40803e-05 , 0.0286999 , 0.0537241 , 
9 , --map-by core ETH , 4096 x 4096 , 0.02479 , 2.38419e-05 , 0.029664 , 0.054482 , 
9 , --map-by core ETH , 4096 x 4096 , 0.024262 , 2.5034e-05 , 0.029036 , 0.0533261 , 
9 , --map-by core ETH , 4096 x 4096 , 0.025337 , 2.38419e-05 , 0.0286131 , 0.0539789 , 
9 , --map-by core ETH , 4096 x 4096 , 0.02423 , 2.38419e-05 , 0.0286481 , 0.052907 , 
9 , --map-by core ETH , 4096 x 4096 , 0.024343 , 2.38419e-05 , 0.0284781 , 0.0528481 , 
9 , --map-by core ETH , 4096 x 4096 , 0.024256 , 2.5034e-05 , 0.028461 , 0.0527461 , 
9 , --map-by core ETH , 4096 x 4096 , 0.0246139 , 2.5034e-05 , 0.0291371 , 0.0537801 , 
10 , --map-by core ETH , 4096 x 4096 , 0.0243399 , 2.40803e-05 , 0.0283511 , 0.052721 , 
10 , --map-by core ETH , 4096 x 4096 , 0.0246041 , 2.5034e-05 , 0.0283689 , 0.0530019 , 
10 , --map-by core ETH , 4096 x 4096 , 0.02542 , 2.38419e-05 , 0.0287361 , 0.054184 , 
10 , --map-by core ETH , 4096 x 4096 , 0.0245759 , 2.5034e-05 , 0.0281389 , 0.0527449 , 
10 , --map-by core ETH , 4096 x 4096 , 0.0243988 , 2.5034e-05 , 0.0280311 , 0.052458 , 
10 , --map-by core ETH , 4096 x 4096 , 0.0245039 , 2.5034e-05 , 0.028779 , 0.0533121 , 
10 , --map-by core ETH , 4096 x 4096 , 0.024595 , 2.5034e-05 , 0.0287981 , 0.0534232 , 
10 , --map-by core ETH , 4096 x 4096 , 0.024672 , 2.5034e-05 , 0.0280731 , 0.052774 , 
10 , --map-by core ETH , 4096 x 4096 , 0.025373 , 2.5034e-05 , 0.0284979 , 0.0539 , 
10 , --map-by core ETH , 4096 x 4096 , 0.025377 , 2.5034e-05 , 0.0288489 , 0.0542541 , 
11 , --map-by core ETH , 4096 x 4096 , 0.02442 , 2.5034e-05 , 0.029386 , 0.0538349 , 
11 , --map-by core ETH , 4096 x 4096 , 0.02546 , 2.5034e-05 , 0.0284228 , 0.053911 , 
11 , --map-by core ETH , 4096 x 4096 , 0.0249519 , 2.5034e-05 , 0.0285971 , 0.0535781 , 
11 , --map-by core ETH , 4096 x 4096 , 0.024363 , 2.38419e-05 , 0.0288041 , 0.053195 , 
11 , --map-by core ETH , 4096 x 4096 , 0.0252659 , 2.40803e-05 , 0.0286348 , 0.0539289 , 
11 , --map-by core ETH , 4096 x 4096 , 0.0247059 , 2.5034e-05 , 0.0286391 , 0.0533741 , 
11 , --map-by core ETH , 4096 x 4096 , 0.0249958 , 2.6226e-05 , 0.0286679 , 0.053694 , 
11 , --map-by core ETH , 4096 x 4096 , 0.025454 , 2.38419e-05 , 0.0285621 , 0.054044 , 
11 , --map-by core ETH , 4096 x 4096 , 0.025054 , 3.29018e-05 , 0.028518 , 0.0536089 , 
11 , --map-by core ETH , 4096 x 4096 , 0.0248189 , 2.5034e-05 , 0.0289791 , 0.053828 , 
12 , --map-by core ETH , 4096 x 4096 , 0.0265439 , 2.59876e-05 , 0.028667 , 0.0552409 , 
12 , --map-by core ETH , 4096 x 4096 , 0.026448 , 2.69413e-05 , 0.0282669 , 0.0547459 , 
12 , --map-by core ETH , 4096 x 4096 , 0.0267792 , 2.59876e-05 , 0.028661 , 0.0554712 , 
12 , --map-by core ETH , 4096 x 4096 , 0.0265651 , 2.59876e-05 , 0.0283141 , 0.0549099 , 
12 , --map-by core ETH , 4096 x 4096 , 0.0263889 , 2.71797e-05 , 0.028687 , 0.0551071 , 
12 , --map-by core ETH , 4096 x 4096 , 0.0263009 , 2.71797e-05 , 0.027992 , 0.0543242 , 
12 , --map-by core ETH , 4096 x 4096 , 0.0258689 , 2.59876e-05 , 0.0283241 , 0.054224 , 
12 , --map-by core ETH , 4096 x 4096 , 0.0255289 , 2.59876e-05 , 0.0276301 , 0.05319 , 
12 , --map-by core ETH , 4096 x 4096 , 0.0253372 , 2.59876e-05 , 0.0276539 , 0.0530231 , 
12 , --map-by core ETH , 4096 x 4096 , 0.0254841 , 2.69413e-05 , 0.0276392 , 0.053153 , 
13 , --map-by core ETH , 4096 x 4096 , 0.0254469 , 3.00407e-05 , 0.0283101 , 0.053791 , 
13 , --map-by core ETH , 4096 x 4096 , 0.025177 , 2.90871e-05 , 0.0281088 , 0.053319 , 
13 , --map-by core ETH , 4096 x 4096 , 0.0261569 , 2.90871e-05 , 0.0275719 , 0.053762 , 
13 , --map-by core ETH , 4096 x 4096 , 0.0257409 , 2.90871e-05 , 0.02824 , 0.054014 , 
13 , --map-by core ETH , 4096 x 4096 , 0.0255911 , 2.7895e-05 , 0.0278931 , 0.0535161 , 
13 , --map-by core ETH , 4096 x 4096 , 0.0240252 , 2.88486e-05 , 0.028312 , 0.0523689 , 
13 , --map-by core ETH , 4096 x 4096 , 0.0267251 , 2.7895e-05 , 0.0274541 , 0.0542111 , 
13 , --map-by core ETH , 4096 x 4096 , 0.026228 , 2.7895e-05 , 0.0279791 , 0.054239 , 
13 , --map-by core ETH , 4096 x 4096 , 0.025924 , 2.69413e-05 , 0.028445 , 0.0544 , 
13 , --map-by core ETH , 4096 x 4096 , 0.025769 , 3.21865e-05 , 0.0275569 , 0.0533631 , 
14 , --map-by core ETH , 4096 x 4096 , 0.025548 , 2.90871e-05 , 0.027966 , 0.0535491 , 
14 , --map-by core ETH , 4096 x 4096 , 0.026078 , 2.81334e-05 , 0.027441 , 0.0535522 , 
14 , --map-by core ETH , 4096 x 4096 , 0.0257199 , 2.90871e-05 , 0.0276551 , 0.0534091 , 
14 , --map-by core ETH , 4096 x 4096 , 0.0262558 , 2.90871e-05 , 0.0277081 , 0.053997 , 
14 , --map-by core ETH , 4096 x 4096 , 0.0257721 , 3.09944e-05 , 0.0281079 , 0.0539169 , 
14 , --map-by core ETH , 4096 x 4096 , 0.0252609 , 3.00407e-05 , 0.027801 , 0.0530951 , 
14 , --map-by core ETH , 4096 x 4096 , 0.025728 , 2.90871e-05 , 0.0280778 , 0.053839 , 
14 , --map-by core ETH , 4096 x 4096 , 0.0267811 , 2.88486e-05 , 0.027508 , 0.054323 , 
14 , --map-by core ETH , 4096 x 4096 , 0.0264511 , 2.7895e-05 , 0.0278931 , 0.0543761 , 
14 , --map-by core ETH , 4096 x 4096 , 0.0263739 , 3.91006e-05 , 0.027689 , 0.054105 , 
15 , --map-by core ETH , 4096 x 4096 , 0.0278568 , 2.90871e-05 , 0.0275919 , 0.0554829 , 
15 , --map-by core ETH , 4096 x 4096 , 0.0269861 , 2.88486e-05 , 0.0273831 , 0.0544021 , 
15 , --map-by core ETH , 4096 x 4096 , 0.02706 , 3.09944e-05 , 0.027683 , 0.0547781 , 
15 , --map-by core ETH , 4096 x 4096 , 0.026531 , 3.00407e-05 , 0.0282059 , 0.0547709 , 
15 , --map-by core ETH , 4096 x 4096 , 0.0267859 , 3.00407e-05 , 0.028384 , 0.055203 , 
15 , --map-by core ETH , 4096 x 4096 , 0.0261359 , 3.09944e-05 , 0.027622 , 0.0537939 , 
15 , --map-by core ETH , 4096 x 4096 , 0.0265551 , 3.00407e-05 , 0.0271819 , 0.053771 , 
15 , --map-by core ETH , 4096 x 4096 , 0.026598 , 3.00407e-05 , 0.028214 , 0.054847 , 
15 , --map-by core ETH , 4096 x 4096 , 0.026592 , 3.00407e-05 , 0.0283351 , 0.0549622 , 
15 , --map-by core ETH , 4096 x 4096 , 0.027483 , 3.00407e-05 , 0.028285 , 0.0558009 , 
16 , --map-by core ETH , 4096 x 4096 , 0.027374 , 3.00407e-05 , 0.027714 , 0.0551231 , 
16 , --map-by core ETH , 4096 x 4096 , 0.026659 , 3.00407e-05 , 0.0284891 , 0.0551822 , 
16 , --map-by core ETH , 4096 x 4096 , 0.0268891 , 3.19481e-05 , 0.0278611 , 0.0547872 , 
16 , --map-by core ETH , 4096 x 4096 , 0.0269001 , 3.09944e-05 , 0.027014 , 0.0539501 , 
16 , --map-by core ETH , 4096 x 4096 , 0.0277259 , 2.90871e-05 , 0.0275891 , 0.0553482 , 
16 , --map-by core ETH , 4096 x 4096 , 0.0260201 , 3.00407e-05 , 0.0272689 , 0.0533218 , 
16 , --map-by core ETH , 4096 x 4096 , 0.0273221 , 3.19481e-05 , 0.027564 , 0.0549221 , 
16 , --map-by core ETH , 4096 x 4096 , 0.0261068 , 3.09944e-05 , 0.0291362 , 0.055279 , 
16 , --map-by core ETH , 4096 x 4096 , 0.028748 , 3.09944e-05 , 0.0277851 , 0.0565681 , 
16 , --map-by core ETH , 4096 x 4096 , 0.028559 , 3.00407e-05 , 0.027534 , 0.0561271 , 
17 , --map-by core ETH , 4096 x 4096 , 0.027724 , 7.00951e-05 , 0.0306029 , 0.0584018 , 
17 , --map-by core ETH , 4096 x 4096 , 0.0285919 , 6.69956e-05 , 0.0298591 , 0.0585251 , 
17 , --map-by core ETH , 4096 x 4096 , 0.0273192 , 6.48499e-05 , 0.03229 , 0.0596802 , 
17 , --map-by core ETH , 4096 x 4096 , 0.0269229 , 7.41482e-05 , 0.0315249 , 0.0585289 , 
17 , --map-by core ETH , 4096 x 4096 , 0.0281551 , 6.8903e-05 , 0.031533 , 0.059762 , 
17 , --map-by core ETH , 4096 x 4096 , 0.038027 , 9.10759e-05 , 0.036428 , 0.0745502 , 
17 , --map-by core ETH , 4096 x 4096 , 0.02686 , 5.50747e-05 , 0.0293558 , 0.056277 , 
17 , --map-by core ETH , 4096 x 4096 , 0.0275178 , 7.60555e-05 , 0.0307231 , 0.058322 , 
17 , --map-by core ETH , 4096 x 4096 , 0.0274181 , 7.39098e-05 , 0.030484 , 0.0579801 , 
17 , --map-by core ETH , 4096 x 4096 , 0.0266001 , 5.79357e-05 , 0.0287471 , 0.0554099 , 
18 , --map-by core ETH , 4096 x 4096 , 0.0286212 , 7.20024e-05 , 0.0303168 , 0.0590148 , 
18 , --map-by core ETH , 4096 x 4096 , 0.0290411 , 6.00815e-05 , 0.031605 , 0.0607111 , 
18 , --map-by core ETH , 4096 x 4096 , 0.028425 , 7.20024e-05 , 0.03 , 0.058501 , 
18 , --map-by core ETH , 4096 x 4096 , 0.028002 , 6.8903e-05 , 0.0320961 , 0.060173 , 
18 , --map-by core ETH , 4096 x 4096 , 0.0278111 , 5.48363e-05 , 0.0293472 , 0.0572181 , 
18 , --map-by core ETH , 4096 x 4096 , 0.0278399 , 5.79357e-05 , 0.030375 , 0.0582769 , 
18 , --map-by core ETH , 4096 x 4096 , 0.0281789 , 7.39098e-05 , 0.0302641 , 0.058522 , 
18 , --map-by core ETH , 4096 x 4096 , 0.0284438 , 6.19888e-05 , 0.0301459 , 0.0586579 , 
18 , --map-by core ETH , 4096 x 4096 , 0.0296209 , 7.51019e-05 , 0.0318151 , 0.061516 , 
18 , --map-by core ETH , 4096 x 4096 , 0.0270729 , 6.91414e-05 , 0.030755 , 0.0579011 , 
19 , --map-by core ETH , 4096 x 4096 , 0.029103 , 6.50883e-05 , 0.03125 , 0.0604241 , 
19 , --map-by core ETH , 4096 x 4096 , 0.02876 , 7.60555e-05 , 0.031009 , 0.05985 , 
19 , --map-by core ETH , 4096 x 4096 , 0.028337 , 5.88894e-05 , 0.028569 , 0.0569689 , 
19 , --map-by core ETH , 4096 x 4096 , 0.028626 , 7.29561e-05 , 0.030818 , 0.059521 , 
19 , --map-by core ETH , 4096 x 4096 , 0.0281341 , 5.88894e-05 , 0.029103 , 0.0572999 , 
19 , --map-by core ETH , 4096 x 4096 , 0.0290661 , 7.10487e-05 , 0.0304539 , 0.0595961 , 
19 , --map-by core ETH , 4096 x 4096 , 0.0292559 , 7.10487e-05 , 0.0302901 , 0.059623 , 
19 , --map-by core ETH , 4096 x 4096 , 0.039676 , 6.00815e-05 , 0.03723 , 0.0769711 , 
19 , --map-by core ETH , 4096 x 4096 , 0.03003 , 6.79493e-05 , 0.0297749 , 0.05988 , 
19 , --map-by core ETH , 4096 x 4096 , 0.0283959 , 6.60419e-05 , 0.0296361 , 0.058104 , 
20 , --map-by core ETH , 4096 x 4096 , 0.028712 , 7.29561e-05 , 0.0294671 , 0.0582561 , 
20 , --map-by core ETH , 4096 x 4096 , 0.030242 , 5.79357e-05 , 0.0292931 , 0.059597 , 
20 , --map-by core ETH , 4096 x 4096 , 0.031224 , 5.91278e-05 , 0.0298779 , 0.061166 , 
20 , --map-by core ETH , 4096 x 4096 , 0.0300992 , 7.10487e-05 , 0.0314219 , 0.0615971 , 
20 , --map-by core ETH , 4096 x 4096 , 0.0299358 , 7.41482e-05 , 0.0303619 , 0.0603769 , 
20 , --map-by core ETH , 4096 x 4096 , 0.0316429 , 6.50883e-05 , 0.0276899 , 0.0594029 , 
20 , --map-by core ETH , 4096 x 4096 , 0.0304041 , 6.41346e-05 , 0.0292518 , 0.059726 , 
20 , --map-by core ETH , 4096 x 4096 , 0.0303421 , 7.60555e-05 , 0.0298378 , 0.0602598 , 
20 , --map-by core ETH , 4096 x 4096 , 0.0304699 , 5.91278e-05 , 0.030453 , 0.0609879 , 
20 , --map-by core ETH , 4096 x 4096 , 0.0300498 , 7.00951e-05 , 0.0308771 , 0.0610011 , 
21 , --map-by core ETH , 4096 x 4096 , 0.030128 , 6.79493e-05 , 0.0298901 , 0.060091 , 
21 , --map-by core ETH , 4096 x 4096 , 0.031343 , 7.29561e-05 , 0.0304642 , 0.0618861 , 
21 , --map-by core ETH , 4096 x 4096 , 0.0306931 , 7.60555e-05 , 0.029716 , 0.0604899 , 
21 , --map-by core ETH , 4096 x 4096 , 0.0308249 , 5.79357e-05 , 0.029887 , 0.060775 , 
21 , --map-by core ETH , 4096 x 4096 , 0.030319 , 6.10352e-05 , 0.0285809 , 0.0589652 , 
21 , --map-by core ETH , 4096 x 4096 , 0.046957 , 7.00951e-05 , 0.0364029 , 0.083437 , 
21 , --map-by core ETH , 4096 x 4096 , 0.0301981 , 6.98566e-05 , 0.0302441 , 0.0605171 , 
21 , --map-by core ETH , 4096 x 4096 , 0.031019 , 6.31809e-05 , 0.0310118 , 0.062099 , 
21 , --map-by core ETH , 4096 x 4096 , 0.030864 , 5.6982e-05 , 0.0304909 , 0.0614159 , 
21 , --map-by core ETH , 4096 x 4096 , 0.030468 , 6.60419e-05 , 0.0308089 , 0.061348 , 
22 , --map-by core ETH , 4096 x 4096 , 0.0289669 , 7.82013e-05 , 0.029485 , 0.0585341 , 
22 , --map-by core ETH , 4096 x 4096 , 0.029799 , 8.70228e-05 , 0.0296011 , 0.0594931 , 
22 , --map-by core ETH , 4096 x 4096 , 0.0541451 , 6.00815e-05 , 0.028631 , 0.0828409 , 
22 , --map-by core ETH , 4096 x 4096 , 0.029563 , 7.51019e-05 , 0.0308409 , 0.0604849 , 
22 , --map-by core ETH , 4096 x 4096 , 0.0306609 , 8.2016e-05 , 0.0299611 , 0.060708 , 
22 , --map-by core ETH , 4096 x 4096 , 0.029561 , 5.98431e-05 , 0.0276711 , 0.057297 , 
22 , --map-by core ETH , 4096 x 4096 , 0.030112 , 7.20024e-05 , 0.0298789 , 0.0600679 , 
22 , --map-by core ETH , 4096 x 4096 , 0.0305459 , 7.20024e-05 , 0.0293381 , 0.0599601 , 
22 , --map-by core ETH , 4096 x 4096 , 0.0302432 , 7.58171e-05 , 0.0299249 , 0.06025 , 
22 , --map-by core ETH , 4096 x 4096 , 0.0300989 , 6.19888e-05 , 0.0292192 , 0.0593841 , 
23 , --map-by core ETH , 4096 x 4096 , 0.074847 , 7.60555e-05 , 0.058284 , 0.133211 , 
23 , --map-by core ETH , 4096 x 4096 , 0.0294449 , 6.69956e-05 , 0.0304132 , 0.0599291 , 
23 , --map-by core ETH , 4096 x 4096 , 0.0290649 , 6.10352e-05 , 0.0305002 , 0.0596302 , 
23 , --map-by core ETH , 4096 x 4096 , 0.02933 , 7.70092e-05 , 0.0307899 , 0.0602009 , 
23 , --map-by core ETH , 4096 x 4096 , 0.050132 , 6.41346e-05 , 0.0441968 , 0.094398 , 
23 , --map-by core ETH , 4096 x 4096 , 0.029345 , 6.60419e-05 , 0.0307181 , 0.060133 , 
23 , --map-by core ETH , 4096 x 4096 , 0.0300641 , 7.48634e-05 , 0.030467 , 0.060611 , 
23 , --map-by core ETH , 4096 x 4096 , 0.0272229 , 6.41346e-05 , 0.03089 , 0.058181 , 
23 , --map-by core ETH , 4096 x 4096 , 0.0277011 , 6.38962e-05 , 0.0306411 , 0.0584121 , 
23 , --map-by core ETH , 4096 x 4096 , 0.0291462 , 7.39098e-05 , 0.0305951 , 0.0598211 , 
24 , --map-by core ETH , 4096 x 4096 , 0.0293648 , 6.41346e-05 , 0.030005 , 0.0594399 , 
24 , --map-by core ETH , 4096 x 4096 , 0.0324571 , 5.48363e-05 , 0.031389 , 0.063905 , 
24 , --map-by core ETH , 4096 x 4096 , 0.060071 , 6.10352e-05 , 0.0322571 , 0.0923941 , 
24 , --map-by core ETH , 4096 x 4096 , 0.029567 , 7.29561e-05 , 0.0302529 , 0.0598979 , 
24 , --map-by core ETH , 4096 x 4096 , 0.0386271 , 7.20024e-05 , 0.034564 , 0.0732682 , 
24 , --map-by core ETH , 4096 x 4096 , 0.0286939 , 6.69956e-05 , 0.030416 , 0.0591819 , 
24 , --map-by core ETH , 4096 x 4096 , 0.0289352 , 6.29425e-05 , 0.0307069 , 0.0597079 , 
24 , --map-by core ETH , 4096 x 4096 , 0.0282459 , 6.60419e-05 , 0.0314381 , 0.059756 , 
24 , --map-by core ETH , 4096 x 4096 , 0.0285919 , 7.70092e-05 , 0.0303152 , 0.05899 , 
24 , --map-by core ETH , 4096 x 4096 , 0.0321579 , 6.41346e-05 , 0.0297248 , 0.0619509 , 
25 , --map-by core ETH , 4096 x 4096 , 0.0891042 , 5.48363e-05 , 0.0693061 , 0.158469 , 
25 , --map-by core ETH , 4096 x 4096 , 0.030499 , 8.2016e-05 , 0.0296681 , 0.0602551 , 
25 , --map-by core ETH , 4096 x 4096 , 0.030829 , 6.29425e-05 , 0.0297132 , 0.0606101 , 
25 , --map-by core ETH , 4096 x 4096 , 0.0303559 , 6.98566e-05 , 0.0299301 , 0.0603631 , 
25 , --map-by core ETH , 4096 x 4096 , 0.028532 , 6.8903e-05 , 0.0304511 , 0.059056 , 
25 , --map-by core ETH , 4096 x 4096 , 0.029762 , 7.41482e-05 , 0.0320349 , 0.0618761 , 
25 , --map-by core ETH , 4096 x 4096 , 0.037451 , 7.67708e-05 , 0.0434382 , 0.080971 , 
25 , --map-by core ETH , 4096 x 4096 , 0.0314701 , 6.79493e-05 , 0.029588 , 0.061132 , 
25 , --map-by core ETH , 4096 x 4096 , 0.034328 , 6.91414e-05 , 0.036536 , 0.0709391 , 
25 , --map-by core ETH , 4096 x 4096 , 0.0597069 , 6.81877e-05 , 0.0401208 , 0.0999 , 
26 , --map-by core ETH , 4096 x 4096 , 0.0310791 , 6.79493e-05 , 0.0298481 , 0.0609992 , 
26 , --map-by core ETH , 4096 x 4096 , 0.052649 , 6.60419e-05 , 0.0366149 , 0.0893381 , 
26 , --map-by core ETH , 4096 x 4096 , 0.0315669 , 6.91414e-05 , 0.029618 , 0.0612581 , 
26 , --map-by core ETH , 4096 x 4096 , 0.0660141 , 5.60284e-05 , 0.0636718 , 0.129746 , 
26 , --map-by core ETH , 4096 x 4096 , 0.0292962 , 7.29561e-05 , 0.030417 , 0.0597901 , 
26 , --map-by core ETH , 4096 x 4096 , 0.041744 , 7.48634e-05 , 0.03336 , 0.0751851 , 
26 , --map-by core ETH , 4096 x 4096 , 0.0457611 , 8.08239e-05 , 0.0701001 , 0.115947 , 
26 , --map-by core ETH , 4096 x 4096 , 0.0320849 , 7.00951e-05 , 0.030251 , 0.0624111 , 
26 , --map-by core ETH , 4096 x 4096 , 0.0303869 , 7.10487e-05 , 0.0300531 , 0.0605161 , 
26 , --map-by core ETH , 4096 x 4096 , 0.032059 , 7.10487e-05 , 0.0333071 , 0.0654421 , 
27 , --map-by core ETH , 4096 x 4096 , 0.033849 , 8.41618e-05 , 0.0295298 , 0.0634689 , 
27 , --map-by core ETH , 4096 x 4096 , 0.0318742 , 6.48499e-05 , 0.0297511 , 0.0616961 , 
27 , --map-by core ETH , 4096 x 4096 , 0.0509338 , 6.91414e-05 , 0.0314229 , 0.082432 , 
27 , --map-by core ETH , 4096 x 4096 , 0.0325971 , 6.69956e-05 , 0.0293019 , 0.0619729 , 
27 , --map-by core ETH , 4096 x 4096 , 0.030936 , 8.29697e-05 , 0.030304 , 0.061331 , 
27 , --map-by core ETH , 4096 x 4096 , 0.0799429 , 5.91278e-05 , 0.0473371 , 0.127344 , 
27 , --map-by core ETH , 4096 x 4096 , 0.0324938 , 7.31945e-05 , 0.0299358 , 0.0625081 , 
27 , --map-by core ETH , 4096 x 4096 , 0.0310459 , 6.91414e-05 , 0.0299461 , 0.0610662 , 
27 , --map-by core ETH , 4096 x 4096 , 0.032692 , 7.51019e-05 , 0.0295238 , 0.0622969 , 
27 , --map-by core ETH , 4096 x 4096 , 0.053098 , 7.10487e-05 , 0.053056 , 0.10623 , 
28 , --map-by core ETH , 4096 x 4096 , 0.0463688 , 8.32081e-05 , 0.0458789 , 0.0923369 , 
28 , --map-by core ETH , 4096 x 4096 , 0.060847 , 6.10352e-05 , 0.0451291 , 0.106043 , 
28 , --map-by core ETH , 4096 x 4096 , 0.030869 , 6.79493e-05 , 0.030318 , 0.0612609 , 
28 , --map-by core ETH , 4096 x 4096 , 0.062835 , 6.91414e-05 , 0.039983 , 0.102891 , 
28 , --map-by core ETH , 4096 x 4096 , 0.032933 , 6.69956e-05 , 0.0297668 , 0.062773 , 
28 , --map-by core ETH , 4096 x 4096 , 0.033633 , 7.48634e-05 , 0.0308239 , 0.0645359 , 
28 , --map-by core ETH , 4096 x 4096 , 0.036109 , 7.60555e-05 , 0.029454 , 0.065644 , 
28 , --map-by core ETH , 4096 x 4096 , 0.0335 , 5.91278e-05 , 0.028729 , 0.0622931 , 
28 , --map-by core ETH , 4096 x 4096 , 0.0322032 , 7.39098e-05 , 0.0293419 , 0.0616271 , 
28 , --map-by core ETH , 4096 x 4096 , 0.0655041 , 6.10352e-05 , 0.0338178 , 0.0993869 , 
29 , --map-by core ETH , 4096 x 4096 , 0.0405481 , 7.20024e-05 , 0.0426509 , 0.0832748 , 
29 , --map-by core ETH , 4096 x 4096 , 0.0432031 , 6.38962e-05 , 0.0407372 , 0.0840111 , 
29 , --map-by core ETH , 4096 x 4096 , 0.0418561 , 6.69956e-05 , 0.034039 , 0.075969 , 
29 , --map-by core ETH , 4096 x 4096 , 0.0802028 , 6.31809e-05 , 0.0950689 , 0.17534 , 
29 , --map-by core ETH , 4096 x 4096 , 0.064111 , 8.08239e-05 , 0.0385902 , 0.102789 , 
29 , --map-by core ETH , 4096 x 4096 , 0.0328109 , 6.91414e-05 , 0.029326 , 0.0622101 , 
29 , --map-by core ETH , 4096 x 4096 , 0.038718 , 7.08103e-05 , 0.034739 , 0.073535 , 
29 , --map-by core ETH , 4096 x 4096 , 0.0331712 , 7.79629e-05 , 0.030205 , 0.0634601 , 
29 , --map-by core ETH , 4096 x 4096 , 0.0561092 , 8.08239e-05 , 0.0380771 , 0.0942719 , 
29 , --map-by core ETH , 4096 x 4096 , 0.0483599 , 7.51019e-05 , 0.030489 , 0.0789289 , 
30 , --map-by core ETH , 4096 x 4096 , 0.0339561 , 8.60691e-05 , 0.0357058 , 0.069752 , 
30 , --map-by core ETH , 4096 x 4096 , 0.040251 , 7.29561e-05 , 0.036725 , 0.077055 , 
30 , --map-by core ETH , 4096 x 4096 , 0.0334589 , 6.58035e-05 , 0.0772572 , 0.110787 , 
30 , --map-by core ETH , 4096 x 4096 , 0.0377779 , 8.70228e-05 , 0.030082 , 0.0679529 , 
30 , --map-by core ETH , 4096 x 4096 , 0.0699499 , 7.60555e-05 , 0.091145 , 0.161176 , 
30 , --map-by core ETH , 4096 x 4096 , 0.087507 , 8.01086e-05 , 0.0597198 , 0.147311 , 
30 , --map-by core ETH , 4096 x 4096 , 0.041539 , 7.10487e-05 , 0.0391719 , 0.0807869 , 
30 , --map-by core ETH , 4096 x 4096 , 0.0391879 , 6.98566e-05 , 0.037822 , 0.0770879 , 
30 , --map-by core ETH , 4096 x 4096 , 0.034867 , 6.10352e-05 , 0.046263 , 0.0811961 , 
30 , --map-by core ETH , 4096 x 4096 , 0.0501659 , 7.29561e-05 , 0.0354869 , 0.0857308 , 
31 , --map-by core ETH , 4096 x 4096 , 0.037401 , 6.91414e-05 , 0.0379279 , 0.0754051 , 
31 , --map-by core ETH , 4096 x 4096 , 0.0506451 , 7.20024e-05 , 0.0428059 , 0.0935268 , 
31 , --map-by core ETH , 4096 x 4096 , 0.0413911 , 6.8903e-05 , 0.0291719 , 0.070637 , 
31 , --map-by core ETH , 4096 x 4096 , 0.0603938 , 6.50883e-05 , 0.0385289 , 0.0989919 , 
31 , --map-by core ETH , 4096 x 4096 , 0.0597861 , 6.60419e-05 , 0.0527759 , 0.112633 , 
31 , --map-by core ETH , 4096 x 4096 , 0.0356359 , 6.8903e-05 , 0.229784 , 0.265494 , 
31 , --map-by core ETH , 4096 x 4096 , 0.036155 , 6.19888e-05 , 0.0417759 , 0.0779991 , 
31 , --map-by core ETH , 4096 x 4096 , 0.0463221 , 6.91414e-05 , 0.036278 , 0.0826752 , 
31 , --map-by core ETH , 4096 x 4096 , 0.0683551 , 7.00951e-05 , 0.0919039 , 0.160334 , 
31 , --map-by core ETH , 4096 x 4096 , 0.055361 , 5.81741e-05 , 0.0454638 , 0.100888 , 
32 , --map-by core ETH , 4096 x 4096 , 0.0721149 , 8.29697e-05 , 0.0354371 , 0.10764 , 
32 , --map-by core ETH , 4096 x 4096 , 0.0516601 , 7.08103e-05 , 0.0591531 , 0.110891 , 
32 , --map-by core ETH , 4096 x 4096 , 0.122116 , 7.70092e-05 , 0.0598621 , 0.18206 , 
32 , --map-by core ETH , 4096 x 4096 , 0.11028 , 8.4877e-05 , 0.0497 , 0.16007 , 
32 , --map-by core ETH , 4096 x 4096 , 0.064702 , 6.79493e-05 , 0.0391121 , 0.103887 , 
32 , --map-by core ETH , 4096 x 4096 , 0.144574 , 7.39098e-05 , 0.320074 , 0.464729 , 
32 , --map-by core ETH , 4096 x 4096 , 0.0934949 , 7.10487e-05 , 0.098784 , 0.192354 , 
32 , --map-by core ETH , 4096 x 4096 , 0.0405459 , 7.41482e-05 , 0.0415158 , 0.08214 , 
32 , --map-by core ETH , 4096 x 4096 , 0.066462 , 7.20024e-05 , 0.0427439 , 0.109284 , 
32 , --map-by core ETH , 4096 x 4096 , 0.055063 , 6.81877e-05 , 0.0539949 , 0.109131 , 
1 , --map-by core ETH , 8192 x 8192 , 0.132439 , 1.69277e-05 , 0.204991 , 0.337451 , 
1 , --map-by core ETH , 8192 x 8192 , 0.1303 , 1.5974e-05 , 0.199596 , 0.329917 , 
1 , --map-by core ETH , 8192 x 8192 , 0.130012 , 1.00136e-05 , 0.200037 , 0.330062 , 
1 , --map-by core ETH , 8192 x 8192 , 0.129752 , 1.00136e-05 , 0.200411 , 0.330179 , 
1 , --map-by core ETH , 8192 x 8192 , 0.13108 , 1.19209e-05 , 0.200292 , 0.331389 , 
1 , --map-by core ETH , 8192 x 8192 , 0.130083 , 1.5974e-05 , 0.200036 , 0.330139 , 
1 , --map-by core ETH , 8192 x 8192 , 0.130388 , 1.5974e-05 , 0.199717 , 0.330127 , 
1 , --map-by core ETH , 8192 x 8192 , 0.130181 , 1.00136e-05 , 0.199688 , 0.329884 , 
1 , --map-by core ETH , 8192 x 8192 , 0.13023 , 2.00272e-05 , 0.199781 , 0.330036 , 
1 , --map-by core ETH , 8192 x 8192 , 0.129955 , 2.09808e-05 , 0.199987 , 0.329968 , 
2 , --map-by core ETH , 8192 x 8192 , 0.110305 , 2.00272e-05 , 0.146746 , 0.257076 , 
2 , --map-by core ETH , 8192 x 8192 , 0.110491 , 2.00272e-05 , 0.146746 , 0.257261 , 
2 , --map-by core ETH , 8192 x 8192 , 0.111252 , 1.90735e-05 , 0.146128 , 0.257403 , 
2 , --map-by core ETH , 8192 x 8192 , 0.111049 , 2.00272e-05 , 0.146947 , 0.25802 , 
2 , --map-by core ETH , 8192 x 8192 , 0.110073 , 2.00272e-05 , 0.14649 , 0.256587 , 
2 , --map-by core ETH , 8192 x 8192 , 0.110792 , 2.00272e-05 , 0.146655 , 0.25747 , 
2 , --map-by core ETH , 8192 x 8192 , 0.110669 , 2.5034e-05 , 0.146154 , 0.256851 , 
2 , --map-by core ETH , 8192 x 8192 , 0.110835 , 1.88351e-05 , 0.146417 , 0.257276 , 
2 , --map-by core ETH , 8192 x 8192 , 0.110277 , 1.90735e-05 , 0.146205 , 0.256506 , 
2 , --map-by core ETH , 8192 x 8192 , 0.110272 , 2.69413e-05 , 0.146346 , 0.25665 , 
3 , --map-by core ETH , 8192 x 8192 , 0.105496 , 2.09808e-05 , 0.124775 , 0.230297 , 
3 , --map-by core ETH , 8192 x 8192 , 0.106291 , 2.40803e-05 , 0.12541 , 0.231729 , 
3 , --map-by core ETH , 8192 x 8192 , 0.10516 , 2.19345e-05 , 0.125248 , 0.230433 , 
3 , --map-by core ETH , 8192 x 8192 , 0.105596 , 2.00272e-05 , 0.125175 , 0.230796 , 
3 , --map-by core ETH , 8192 x 8192 , 0.1051 , 2.09808e-05 , 0.12494 , 0.230065 , 
3 , --map-by core ETH , 8192 x 8192 , 0.105668 , 2.09808e-05 , 0.125575 , 0.231269 , 
3 , --map-by core ETH , 8192 x 8192 , 0.105837 , 2.19345e-05 , 0.125392 , 0.231255 , 
3 , --map-by core ETH , 8192 x 8192 , 0.105446 , 2.09808e-05 , 0.124864 , 0.230335 , 
3 , --map-by core ETH , 8192 x 8192 , 0.105522 , 1.97887e-05 , 0.125425 , 0.230972 , 
3 , --map-by core ETH , 8192 x 8192 , 0.105138 , 2.00272e-05 , 0.125009 , 0.230173 , 
4 , --map-by core ETH , 8192 x 8192 , 0.103679 , 2.19345e-05 , 0.116434 , 0.220139 , 
4 , --map-by core ETH , 8192 x 8192 , 0.103812 , 2.21729e-05 , 0.116408 , 0.220246 , 
4 , --map-by core ETH , 8192 x 8192 , 0.103974 , 2.21729e-05 , 0.116707 , 0.220707 , 
4 , --map-by core ETH , 8192 x 8192 , 0.104109 , 2.21729e-05 , 0.117114 , 0.221249 , 
4 , --map-by core ETH , 8192 x 8192 , 0.103992 , 2.19345e-05 , 0.116523 , 0.220542 , 
4 , --map-by core ETH , 8192 x 8192 , 0.104271 , 2.09808e-05 , 0.11675 , 0.221046 , 
4 , --map-by core ETH , 8192 x 8192 , 0.103644 , 2.19345e-05 , 0.116506 , 0.220175 , 
4 , --map-by core ETH , 8192 x 8192 , 0.103681 , 2.19345e-05 , 0.116384 , 0.220091 , 
4 , --map-by core ETH , 8192 x 8192 , 0.103664 , 2.19345e-05 , 0.116867 , 0.220557 , 
4 , --map-by core ETH , 8192 x 8192 , 0.103704 , 2.19345e-05 , 0.116502 , 0.220234 , 
5 , --map-by core ETH , 8192 x 8192 , 0.103724 , 2.38419e-05 , 0.113778 , 0.21753 , 
5 , --map-by core ETH , 8192 x 8192 , 0.103831 , 2.31266e-05 , 0.113811 , 0.217669 , 
5 , --map-by core ETH , 8192 x 8192 , 0.10398 , 2.40803e-05 , 0.113628 , 0.217636 , 
5 , --map-by core ETH , 8192 x 8192 , 0.103282 , 2.31266e-05 , 0.113382 , 0.216691 , 
5 , --map-by core ETH , 8192 x 8192 , 0.103432 , 2.31266e-05 , 0.113096 , 0.216555 , 
5 , --map-by core ETH , 8192 x 8192 , 0.103709 , 2.28882e-05 , 0.113819 , 0.217556 , 
5 , --map-by core ETH , 8192 x 8192 , 0.103819 , 2.40803e-05 , 0.114042 , 0.21789 , 
5 , --map-by core ETH , 8192 x 8192 , 0.10308 , 2.40803e-05 , 0.113666 , 0.216774 , 
5 , --map-by core ETH , 8192 x 8192 , 0.103559 , 2.28882e-05 , 0.113701 , 0.217288 , 
5 , --map-by core ETH , 8192 x 8192 , 0.103299 , 2.40803e-05 , 0.113269 , 0.216596 , 
6 , --map-by core ETH , 8192 x 8192 , 0.1016 , 2.38419e-05 , 0.113124 , 0.214752 , 
6 , --map-by core ETH , 8192 x 8192 , 0.101827 , 2.19345e-05 , 0.112927 , 0.214782 , 
6 , --map-by core ETH , 8192 x 8192 , 0.101913 , 2.38419e-05 , 0.112392 , 0.214334 , 
6 , --map-by core ETH , 8192 x 8192 , 0.101829 , 2.40803e-05 , 0.113375 , 0.215232 , 
6 , --map-by core ETH , 8192 x 8192 , 0.101628 , 2.38419e-05 , 0.113313 , 0.214969 , 
6 , --map-by core ETH , 8192 x 8192 , 0.101282 , 2.28882e-05 , 0.113502 , 0.214811 , 
6 , --map-by core ETH , 8192 x 8192 , 0.102201 , 2.31266e-05 , 0.113879 , 0.216107 , 
6 , --map-by core ETH , 8192 x 8192 , 0.101743 , 2.31266e-05 , 0.113139 , 0.214908 , 
6 , --map-by core ETH , 8192 x 8192 , 0.102087 , 2.19345e-05 , 0.113375 , 0.215487 , 
6 , --map-by core ETH , 8192 x 8192 , 0.101228 , 2.19345e-05 , 0.113261 , 0.214517 , 
7 , --map-by core ETH , 8192 x 8192 , 0.100898 , 3.38554e-05 , 0.119192 , 0.220128 , 
7 , --map-by core ETH , 8192 x 8192 , 0.10068 , 3.00407e-05 , 0.118743 , 0.219458 , 
7 , --map-by core ETH , 8192 x 8192 , 0.101028 , 3.00407e-05 , 0.118198 , 0.219261 , 
7 , --map-by core ETH , 8192 x 8192 , 0.099683 , 3.09944e-05 , 0.11861 , 0.218328 , 
7 , --map-by core ETH , 8192 x 8192 , 0.100361 , 3.09944e-05 , 0.119113 , 0.219509 , 
7 , --map-by core ETH , 8192 x 8192 , 0.101629 , 3.09944e-05 , 0.119168 , 0.220832 , 
7 , --map-by core ETH , 8192 x 8192 , 0.100956 , 3.09944e-05 , 0.11899 , 0.219981 , 
7 , --map-by core ETH , 8192 x 8192 , 0.10106 , 3.19481e-05 , 0.119606 , 0.220702 , 
7 , --map-by core ETH , 8192 x 8192 , 0.100779 , 3.00407e-05 , 0.119005 , 0.219818 , 
7 , --map-by core ETH , 8192 x 8192 , 0.100569 , 3.09944e-05 , 0.118632 , 0.219237 , 
8 , --map-by core ETH , 8192 x 8192 , 0.101063 , 2.31266e-05 , 0.12664 , 0.22773 , 
8 , --map-by core ETH , 8192 x 8192 , 0.100207 , 2.28882e-05 , 0.124462 , 0.224696 , 
8 , --map-by core ETH , 8192 x 8192 , 0.0996799 , 2.28882e-05 , 0.126902 , 0.226611 , 
8 , --map-by core ETH , 8192 x 8192 , 0.099833 , 2.31266e-05 , 0.127829 , 0.22769 , 
8 , --map-by core ETH , 8192 x 8192 , 0.099972 , 2.31266e-05 , 0.123813 , 0.223812 , 
8 , --map-by core ETH , 8192 x 8192 , 0.100007 , 2.40803e-05 , 0.126217 , 0.226255 , 
8 , --map-by core ETH , 8192 x 8192 , 0.10085 , 2.28882e-05 , 0.12749 , 0.228367 , 
8 , --map-by core ETH , 8192 x 8192 , 0.100788 , 2.40803e-05 , 0.12899 , 0.229806 , 
8 , --map-by core ETH , 8192 x 8192 , 0.100217 , 2.28882e-05 , 0.128886 , 0.22913 , 
8 , --map-by core ETH , 8192 x 8192 , 0.101124 , 2.38419e-05 , 0.12683 , 0.227982 , 
9 , --map-by core ETH , 8192 x 8192 , 0.0938401 , 3.29018e-05 , 0.119035 , 0.212912 , 
9 , --map-by core ETH , 8192 x 8192 , 0.0936511 , 3.29018e-05 , 0.118234 , 0.211922 , 
9 , --map-by core ETH , 8192 x 8192 , 0.0945721 , 3.19481e-05 , 0.116948 , 0.211556 , 
9 , --map-by core ETH , 8192 x 8192 , 0.093914 , 3.19481e-05 , 0.118141 , 0.212091 , 
9 , --map-by core ETH , 8192 x 8192 , 0.094054 , 3.29018e-05 , 0.118754 , 0.212845 , 
9 , --map-by core ETH , 8192 x 8192 , 0.095149 , 3.19481e-05 , 0.119517 , 0.214701 , 
9 , --map-by core ETH , 8192 x 8192 , 0.0970051 , 3.29018e-05 , 0.120812 , 0.217855 , 
9 , --map-by core ETH , 8192 x 8192 , 0.0975251 , 3.29018e-05 , 0.121073 , 0.218635 , 
9 , --map-by core ETH , 8192 x 8192 , 0.0967669 , 3.31402e-05 , 0.120594 , 0.217398 , 
9 , --map-by core ETH , 8192 x 8192 , 0.0965321 , 3.29018e-05 , 0.118565 , 0.215134 , 
10 , --map-by core ETH , 8192 x 8192 , 0.0990081 , 3.48091e-05 , 0.114702 , 0.21375 , 
10 , --map-by core ETH , 8192 x 8192 , 0.0997481 , 3.29018e-05 , 0.115648 , 0.215434 , 
10 , --map-by core ETH , 8192 x 8192 , 0.099498 , 3.48091e-05 , 0.114842 , 0.214379 , 
10 , --map-by core ETH , 8192 x 8192 , 0.09991 , 3.60012e-05 , 0.115519 , 0.215468 , 
10 , --map-by core ETH , 8192 x 8192 , 0.0996761 , 3.48091e-05 , 0.117925 , 0.21764 , 
10 , --map-by core ETH , 8192 x 8192 , 0.0995691 , 3.50475e-05 , 0.116371 , 0.215979 , 
10 , --map-by core ETH , 8192 x 8192 , 0.098886 , 3.50475e-05 , 0.1146 , 0.213525 , 
10 , --map-by core ETH , 8192 x 8192 , 0.0994911 , 3.40939e-05 , 0.115986 , 0.215516 , 
10 , --map-by core ETH , 8192 x 8192 , 0.100266 , 3.48091e-05 , 0.114161 , 0.214468 , 
10 , --map-by core ETH , 8192 x 8192 , 0.098186 , 3.50475e-05 , 0.117056 , 0.215283 , 
11 , --map-by core ETH , 8192 x 8192 , 0.098974 , 3.50475e-05 , 0.114655 , 0.213669 , 
11 , --map-by core ETH , 8192 x 8192 , 0.0994179 , 3.40939e-05 , 0.115599 , 0.215055 , 
11 , --map-by core ETH , 8192 x 8192 , 0.0989819 , 3.50475e-05 , 0.114764 , 0.213785 , 
11 , --map-by core ETH , 8192 x 8192 , 0.0992939 , 3.50475e-05 , 0.114109 , 0.213442 , 
11 , --map-by core ETH , 8192 x 8192 , 0.100216 , 3.50475e-05 , 0.114805 , 0.21506 , 
11 , --map-by core ETH , 8192 x 8192 , 0.0993471 , 3.50475e-05 , 0.114144 , 0.213531 , 
11 , --map-by core ETH , 8192 x 8192 , 0.099529 , 3.50475e-05 , 0.114481 , 0.214051 , 
11 , --map-by core ETH , 8192 x 8192 , 0.0996029 , 3.50475e-05 , 0.114741 , 0.214383 , 
11 , --map-by core ETH , 8192 x 8192 , 0.0994661 , 4.29153e-05 , 0.115713 , 0.215226 , 
11 , --map-by core ETH , 8192 x 8192 , 0.0991099 , 3.50475e-05 , 0.114532 , 0.213682 , 
12 , --map-by core ETH , 8192 x 8192 , 0.101028 , 3.50475e-05 , 0.115203 , 0.21627 , 
12 , --map-by core ETH , 8192 x 8192 , 0.100757 , 3.79086e-05 , 0.11367 , 0.214469 , 
12 , --map-by core ETH , 8192 x 8192 , 0.100318 , 3.38554e-05 , 0.114399 , 0.214755 , 
12 , --map-by core ETH , 8192 x 8192 , 0.0997698 , 3.48091e-05 , 0.112443 , 0.212253 , 
12 , --map-by core ETH , 8192 x 8192 , 0.100678 , 3.50475e-05 , 0.113956 , 0.214674 , 
12 , --map-by core ETH , 8192 x 8192 , 0.101295 , 3.60012e-05 , 0.115011 , 0.216348 , 
12 , --map-by core ETH , 8192 x 8192 , 0.10022 , 3.50475e-05 , 0.113811 , 0.21407 , 
12 , --map-by core ETH , 8192 x 8192 , 0.100794 , 3.50475e-05 , 0.113633 , 0.214466 , 
12 , --map-by core ETH , 8192 x 8192 , 0.0994892 , 3.38554e-05 , 0.112495 , 0.212024 , 
12 , --map-by core ETH , 8192 x 8192 , 0.101311 , 3.48091e-05 , 0.11636 , 0.21771 , 
13 , --map-by core ETH , 8192 x 8192 , 0.099057 , 3.48091e-05 , 0.113896 , 0.212993 , 
13 , --map-by core ETH , 8192 x 8192 , 0.099915 , 3.50475e-05 , 0.113217 , 0.213171 , 
13 , --map-by core ETH , 8192 x 8192 , 0.100849 , 3.38554e-05 , 0.113416 , 0.214304 , 
13 , --map-by core ETH , 8192 x 8192 , 0.100579 , 3.38554e-05 , 0.113361 , 0.213979 , 
13 , --map-by core ETH , 8192 x 8192 , 0.0989292 , 3.48091e-05 , 0.113517 , 0.212485 , 
13 , --map-by core ETH , 8192 x 8192 , 0.100083 , 3.60012e-05 , 0.113974 , 0.214097 , 
13 , --map-by core ETH , 8192 x 8192 , 0.099957 , 3.40939e-05 , 0.11358 , 0.213576 , 
13 , --map-by core ETH , 8192 x 8192 , 0.100139 , 3.48091e-05 , 0.114726 , 0.214904 , 
13 , --map-by core ETH , 8192 x 8192 , 0.100255 , 3.38554e-05 , 0.115604 , 0.215899 , 
13 , --map-by core ETH , 8192 x 8192 , 0.100788 , 3.50475e-05 , 0.113443 , 0.21427 , 
14 , --map-by core ETH , 8192 x 8192 , 0.102456 , 3.50475e-05 , 0.114973 , 0.217468 , 
14 , --map-by core ETH , 8192 x 8192 , 0.100252 , 3.40939e-05 , 0.115162 , 0.215453 , 
14 , --map-by core ETH , 8192 x 8192 , 0.101703 , 3.50475e-05 , 0.113335 , 0.215077 , 
14 , --map-by core ETH , 8192 x 8192 , 0.10121 , 3.50475e-05 , 0.114073 , 0.215323 , 
14 , --map-by core ETH , 8192 x 8192 , 0.100459 , 3.40939e-05 , 0.113015 , 0.213513 , 
14 , --map-by core ETH , 8192 x 8192 , 0.10233 , 3.50475e-05 , 0.112495 , 0.214864 , 
14 , --map-by core ETH , 8192 x 8192 , 0.101795 , 3.71933e-05 , 0.113952 , 0.215788 , 
14 , --map-by core ETH , 8192 x 8192 , 0.101632 , 3.50475e-05 , 0.114243 , 0.215914 , 
14 , --map-by core ETH , 8192 x 8192 , 0.101426 , 3.40939e-05 , 0.113632 , 0.215096 , 
14 , --map-by core ETH , 8192 x 8192 , 0.10235 , 3.79086e-05 , 0.113899 , 0.216291 , 
15 , --map-by core ETH , 8192 x 8192 , 0.102622 , 3.40939e-05 , 0.111415 , 0.214076 , 
15 , --map-by core ETH , 8192 x 8192 , 0.103079 , 3.38554e-05 , 0.111053 , 0.21417 , 
15 , --map-by core ETH , 8192 x 8192 , 0.102821 , 3.40939e-05 , 0.111179 , 0.214039 , 
15 , --map-by core ETH , 8192 x 8192 , 0.102944 , 3.40939e-05 , 0.111911 , 0.214894 , 
15 , --map-by core ETH , 8192 x 8192 , 0.102313 , 3.50475e-05 , 0.111394 , 0.213747 , 
15 , --map-by core ETH , 8192 x 8192 , 0.101939 , 3.29018e-05 , 0.111449 , 0.213426 , 
15 , --map-by core ETH , 8192 x 8192 , 0.101188 , 3.40939e-05 , 0.111046 , 0.212274 , 
15 , --map-by core ETH , 8192 x 8192 , 0.102856 , 3.40939e-05 , 0.111183 , 0.214077 , 
15 , --map-by core ETH , 8192 x 8192 , 0.102694 , 3.38554e-05 , 0.110827 , 0.213563 , 
15 , --map-by core ETH , 8192 x 8192 , 0.103253 , 3.31402e-05 , 0.11163 , 0.214921 , 
16 , --map-by core ETH , 8192 x 8192 , 0.104303 , 3.48091e-05 , 0.112688 , 0.217031 , 
16 , --map-by core ETH , 8192 x 8192 , 0.10463 , 3.40939e-05 , 0.112335 , 0.217004 , 
16 , --map-by core ETH , 8192 x 8192 , 0.103068 , 3.38554e-05 , 0.113036 , 0.216141 , 
16 , --map-by core ETH , 8192 x 8192 , 0.103475 , 3.40939e-05 , 0.112272 , 0.215785 , 
16 , --map-by core ETH , 8192 x 8192 , 0.103472 , 3.48091e-05 , 0.11194 , 0.215452 , 
16 , --map-by core ETH , 8192 x 8192 , 0.103538 , 3.38554e-05 , 0.112402 , 0.215978 , 
16 , --map-by core ETH , 8192 x 8192 , 0.103018 , 3.40939e-05 , 0.112751 , 0.215807 , 
16 , --map-by core ETH , 8192 x 8192 , 0.103671 , 3.40939e-05 , 0.111502 , 0.215212 , 
16 , --map-by core ETH , 8192 x 8192 , 0.102445 , 3.40939e-05 , 0.111796 , 0.21428 , 
16 , --map-by core ETH , 8192 x 8192 , 0.103591 , 3.40939e-05 , 0.11165 , 0.21528 , 
17 , --map-by core ETH , 8192 x 8192 , 0.10072 , 6.00815e-05 , 0.115732 , 0.216517 , 
17 , --map-by core ETH , 8192 x 8192 , 0.100936 , 6.79493e-05 , 0.116598 , 0.217606 , 
17 , --map-by core ETH , 8192 x 8192 , 0.102023 , 7.48634e-05 , 0.124747 , 0.226851 , 
17 , --map-by core ETH , 8192 x 8192 , 0.104871 , 7.60555e-05 , 0.122073 , 0.227025 , 
17 , --map-by core ETH , 8192 x 8192 , 0.117394 , 8.60691e-05 , 0.122339 , 0.239826 , 
17 , --map-by core ETH , 8192 x 8192 , 0.107297 , 8.29697e-05 , 0.120944 , 0.228331 , 
17 , --map-by core ETH , 8192 x 8192 , 0.107139 , 7.60555e-05 , 0.121826 , 0.229048 , 
17 , --map-by core ETH , 8192 x 8192 , 0.110219 , 8.2016e-05 , 0.11112 , 0.221427 , 
17 , --map-by core ETH , 8192 x 8192 , 0.115051 , 7.31945e-05 , 0.110596 , 0.225725 , 
17 , --map-by core ETH , 8192 x 8192 , 0.107595 , 8.29697e-05 , 0.120333 , 0.228018 , 
18 , --map-by core ETH , 8192 x 8192 , 0.108782 , 7.39098e-05 , 0.116743 , 0.225605 , 
18 , --map-by core ETH , 8192 x 8192 , 0.106163 , 8.60691e-05 , 0.121004 , 0.227259 , 
18 , --map-by core ETH , 8192 x 8192 , 0.104995 , 6.69956e-05 , 0.128379 , 0.233447 , 
18 , --map-by core ETH , 8192 x 8192 , 0.104235 , 7.98702e-05 , 0.122151 , 0.226473 , 
18 , --map-by core ETH , 8192 x 8192 , 0.112942 , 7.08103e-05 , 0.119188 , 0.232207 , 
18 , --map-by core ETH , 8192 x 8192 , 0.116211 , 7.82013e-05 , 0.123721 , 0.240016 , 
18 , --map-by core ETH , 8192 x 8192 , 0.113655 , 8.10623e-05 , 0.119701 , 0.233441 , 
18 , --map-by core ETH , 8192 x 8192 , 0.103714 , 7.58171e-05 , 0.121871 , 0.225667 , 
18 , --map-by core ETH , 8192 x 8192 , 0.105457 , 5.88894e-05 , 0.113938 , 0.219458 , 
18 , --map-by core ETH , 8192 x 8192 , 0.117293 , 8.2016e-05 , 0.114304 , 0.231687 , 
19 , --map-by core ETH , 8192 x 8192 , 0.11515 , 8.2016e-05 , 0.124272 , 0.239509 , 
19 , --map-by core ETH , 8192 x 8192 , 0.105371 , 8.2016e-05 , 0.122769 , 0.228228 , 
19 , --map-by core ETH , 8192 x 8192 , 0.106296 , 8.2016e-05 , 0.121426 , 0.227809 , 
19 , --map-by core ETH , 8192 x 8192 , 0.106568 , 7.00951e-05 , 0.114208 , 0.22085 , 
19 , --map-by core ETH , 8192 x 8192 , 0.107837 , 7.10487e-05 , 0.11577 , 0.223684 , 
19 , --map-by core ETH , 8192 x 8192 , 0.105527 , 6.91414e-05 , 0.121674 , 0.227277 , 
19 , --map-by core ETH , 8192 x 8192 , 0.102325 , 6.38962e-05 , 0.11297 , 0.215363 , 
19 , --map-by core ETH , 8192 x 8192 , 0.112532 , 6.31809e-05 , 0.124355 , 0.236954 , 
19 , --map-by core ETH , 8192 x 8192 , 0.104892 , 8.29697e-05 , 0.123577 , 0.228557 , 
19 , --map-by core ETH , 8192 x 8192 , 0.111449 , 7.89165e-05 , 0.105008 , 0.21654 , 
20 , --map-by core ETH , 8192 x 8192 , 0.104052 , 9.29832e-05 , 0.123202 , 0.227352 , 
20 , --map-by core ETH , 8192 x 8192 , 0.108175 , 6.38962e-05 , 0.119634 , 0.227879 , 
20 , --map-by core ETH , 8192 x 8192 , 0.106522 , 6.60419e-05 , 0.120267 , 0.226862 , 
20 , --map-by core ETH , 8192 x 8192 , 0.104909 , 8.01086e-05 , 0.124232 , 0.229227 , 
20 , --map-by core ETH , 8192 x 8192 , 0.105297 , 7.70092e-05 , 0.120791 , 0.226171 , 
20 , --map-by core ETH , 8192 x 8192 , 0.103885 , 8.2016e-05 , 0.122189 , 0.226161 , 
20 , --map-by core ETH , 8192 x 8192 , 0.10873 , 7.60555e-05 , 0.108887 , 0.217697 , 
20 , --map-by core ETH , 8192 x 8192 , 0.104434 , 7.48634e-05 , 0.120391 , 0.224905 , 
20 , --map-by core ETH , 8192 x 8192 , 0.108875 , 6.19888e-05 , 0.118236 , 0.227178 , 
20 , --map-by core ETH , 8192 x 8192 , 0.103926 , 8.60691e-05 , 0.12478 , 0.228798 , 
21 , --map-by core ETH , 8192 x 8192 , 0.109064 , 7.29561e-05 , 0.119992 , 0.229136 , 
21 , --map-by core ETH , 8192 x 8192 , 0.115707 , 6.69956e-05 , 0.113056 , 0.228835 , 
21 , --map-by core ETH , 8192 x 8192 , 0.106465 , 7.20024e-05 , 0.125892 , 0.232436 , 
21 , --map-by core ETH , 8192 x 8192 , 0.107855 , 6.79493e-05 , 0.123837 , 0.231766 , 
21 , --map-by core ETH , 8192 x 8192 , 0.105996 , 7.39098e-05 , 0.123285 , 0.229362 , 
21 , --map-by core ETH , 8192 x 8192 , 0.106554 , 7.89165e-05 , 0.123119 , 0.229758 , 
21 , --map-by core ETH , 8192 x 8192 , 0.113966 , 6.69956e-05 , 0.116894 , 0.230931 , 
21 , --map-by core ETH , 8192 x 8192 , 0.110502 , 7.10487e-05 , 0.123239 , 0.233815 , 
21 , --map-by core ETH , 8192 x 8192 , 0.106861 , 7.60555e-05 , 0.123277 , 0.23022 , 
21 , --map-by core ETH , 8192 x 8192 , 0.108027 , 6.98566e-05 , 0.12251 , 0.230612 , 
22 , --map-by core ETH , 8192 x 8192 , 0.106852 , 9.89437e-05 , 0.121008 , 0.227965 , 
22 , --map-by core ETH , 8192 x 8192 , 0.105536 , 6.48499e-05 , 0.117689 , 0.223294 , 
22 , --map-by core ETH , 8192 x 8192 , 0.106583 , 9.58443e-05 , 0.124059 , 0.230744 , 
22 , --map-by core ETH , 8192 x 8192 , 0.106806 , 8.70228e-05 , 0.122062 , 0.228962 , 
22 , --map-by core ETH , 8192 x 8192 , 0.104616 , 8.91685e-05 , 0.123099 , 0.22781 , 
22 , --map-by core ETH , 8192 x 8192 , 0.111842 , 8.89301e-05 , 0.124128 , 0.236064 , 
22 , --map-by core ETH , 8192 x 8192 , 0.106251 , 7.58171e-05 , 0.108953 , 0.215285 , 
22 , --map-by core ETH , 8192 x 8192 , 0.110998 , 8.79765e-05 , 0.120665 , 0.231758 , 
22 , --map-by core ETH , 8192 x 8192 , 0.105705 , 8.70228e-05 , 0.122378 , 0.228176 , 
22 , --map-by core ETH , 8192 x 8192 , 0.110044 , 8.08239e-05 , 0.120098 , 0.230229 , 
23 , --map-by core ETH , 8192 x 8192 , 0.10725 , 7.00951e-05 , 0.125007 , 0.232332 , 
23 , --map-by core ETH , 8192 x 8192 , 0.107638 , 8.39233e-05 , 0.121101 , 0.228828 , 
23 , --map-by core ETH , 8192 x 8192 , 0.106848 , 7.39098e-05 , 0.121331 , 0.228259 , 
23 , --map-by core ETH , 8192 x 8192 , 0.10712 , 7.70092e-05 , 0.120756 , 0.227958 , 
23 , --map-by core ETH , 8192 x 8192 , 0.106538 , 7.20024e-05 , 0.121945 , 0.228561 , 
23 , --map-by core ETH , 8192 x 8192 , 0.106859 , 6.8903e-05 , 0.124169 , 0.231103 , 
23 , --map-by core ETH , 8192 x 8192 , 0.112279 , 9.10759e-05 , 0.121086 , 0.233462 , 
23 , --map-by core ETH , 8192 x 8192 , 0.106816 , 5.88894e-05 , 0.116714 , 0.223594 , 
23 , --map-by core ETH , 8192 x 8192 , 0.109618 , 8.01086e-05 , 0.119591 , 0.229296 , 
23 , --map-by core ETH , 8192 x 8192 , 0.107908 , 6.79493e-05 , 0.120472 , 0.228453 , 
24 , --map-by core ETH , 8192 x 8192 , 0.109718 , 6.69956e-05 , 0.110181 , 0.219973 , 
24 , --map-by core ETH , 8192 x 8192 , 0.104055 , 7.08103e-05 , 0.121056 , 0.225191 , 
24 , --map-by core ETH , 8192 x 8192 , 0.109603 , 7.10487e-05 , 0.120539 , 0.230219 , 
24 , --map-by core ETH , 8192 x 8192 , 0.112178 , 6.98566e-05 , 0.123495 , 0.235748 , 
24 , --map-by core ETH , 8192 x 8192 , 0.106546 , 7.48634e-05 , 0.121359 , 0.227986 , 
24 , --map-by core ETH , 8192 x 8192 , 0.105171 , 7.10487e-05 , 0.121482 , 0.226729 , 
24 , --map-by core ETH , 8192 x 8192 , 0.111692 , 6.50883e-05 , 0.12309 , 0.234852 , 
24 , --map-by core ETH , 8192 x 8192 , 0.108262 , 6.79493e-05 , 0.119249 , 0.227586 , 
24 , --map-by core ETH , 8192 x 8192 , 0.110163 , 6.79493e-05 , 0.121601 , 0.231837 , 
24 , --map-by core ETH , 8192 x 8192 , 0.106671 , 7.98702e-05 , 0.121568 , 0.228325 , 
25 , --map-by core ETH , 8192 x 8192 , 0.108319 , 7.48634e-05 , 0.119647 , 0.228047 , 
25 , --map-by core ETH , 8192 x 8192 , 0.107809 , 7.70092e-05 , 0.12238 , 0.230272 , 
25 , --map-by core ETH , 8192 x 8192 , 0.109657 , 8.2016e-05 , 0.119917 , 0.229662 , 
25 , --map-by core ETH , 8192 x 8192 , 0.109132 , 7.9155e-05 , 0.119536 , 0.228752 , 
25 , --map-by core ETH , 8192 x 8192 , 0.107374 , 7.41482e-05 , 0.122412 , 0.229866 , 
25 , --map-by core ETH , 8192 x 8192 , 0.106761 , 5.60284e-05 , 0.118768 , 0.225589 , 
25 , --map-by core ETH , 8192 x 8192 , 0.107801 , 7.79629e-05 , 0.122379 , 0.230264 , 
25 , --map-by core ETH , 8192 x 8192 , 0.108155 , 8.01086e-05 , 0.12184 , 0.230081 , 
25 , --map-by core ETH , 8192 x 8192 , 0.108702 , 7.79629e-05 , 0.121914 , 0.2307 , 
25 , --map-by core ETH , 8192 x 8192 , 0.114674 , 8.58307e-05 , 0.125395 , 0.24016 , 
26 , --map-by core ETH , 8192 x 8192 , 0.114408 , 8.10623e-05 , 0.125889 , 0.240386 , 
26 , --map-by core ETH , 8192 x 8192 , 0.110938 , 6.79493e-05 , 0.118214 , 0.229226 , 
26 , --map-by core ETH , 8192 x 8192 , 0.107706 , 7.48634e-05 , 0.122092 , 0.229879 , 
26 , --map-by core ETH , 8192 x 8192 , 0.106747 , 6.50883e-05 , 0.123664 , 0.230482 , 
26 , --map-by core ETH , 8192 x 8192 , 0.106891 , 7.51019e-05 , 0.123775 , 0.230746 , 
26 , --map-by core ETH , 8192 x 8192 , 0.110057 , 6.60419e-05 , 0.121473 , 0.2316 , 
26 , --map-by core ETH , 8192 x 8192 , 0.106625 , 7.89165e-05 , 0.12085 , 0.22756 , 
26 , --map-by core ETH , 8192 x 8192 , 0.106398 , 6.69956e-05 , 0.120879 , 0.227351 , 
26 , --map-by core ETH , 8192 x 8192 , 0.105759 , 7.60555e-05 , 0.122273 , 0.228114 , 
26 , --map-by core ETH , 8192 x 8192 , 0.107742 , 8.2016e-05 , 0.119942 , 0.227772 , 
27 , --map-by core ETH , 8192 x 8192 , 0.109609 , 6.91414e-05 , 0.11989 , 0.229575 , 
27 , --map-by core ETH , 8192 x 8192 , 0.110039 , 8.01086e-05 , 0.119542 , 0.229666 , 
27 , --map-by core ETH , 8192 x 8192 , 0.108282 , 7.51019e-05 , 0.1203 , 0.228663 , 
27 , --map-by core ETH , 8192 x 8192 , 0.109847 , 7.00951e-05 , 0.12155 , 0.231474 , 
27 , --map-by core ETH , 8192 x 8192 , 0.107745 , 6.8903e-05 , 0.122381 , 0.230201 , 
27 , --map-by core ETH , 8192 x 8192 , 0.115486 , 6.19888e-05 , 0.117831 , 0.233384 , 
27 , --map-by core ETH , 8192 x 8192 , 0.109523 , 5.98431e-05 , 0.113277 , 0.222866 , 
27 , --map-by core ETH , 8192 x 8192 , 0.109109 , 7.20024e-05 , 0.122777 , 0.231965 , 
27 , --map-by core ETH , 8192 x 8192 , 0.107893 , 7.39098e-05 , 0.122054 , 0.230028 , 
27 , --map-by core ETH , 8192 x 8192 , 0.108483 , 7.20024e-05 , 0.120758 , 0.229319 , 
28 , --map-by core ETH , 8192 x 8192 , 0.110173 , 6.79493e-05 , 0.120866 , 0.231112 , 
28 , --map-by core ETH , 8192 x 8192 , 0.119396 , 8.51154e-05 , 0.128268 , 0.247755 , 
28 , --map-by core ETH , 8192 x 8192 , 0.120845 , 7.58171e-05 , 0.126077 , 0.247004 , 
28 , --map-by core ETH , 8192 x 8192 , 0.115549 , 8.2016e-05 , 0.114327 , 0.229964 , 
28 , --map-by core ETH , 8192 x 8192 , 0.108884 , 7.89165e-05 , 0.121207 , 0.230177 , 
28 , --map-by core ETH , 8192 x 8192 , 0.11066 , 7.70092e-05 , 0.120586 , 0.23133 , 
28 , --map-by core ETH , 8192 x 8192 , 0.111285 , 8.70228e-05 , 0.119761 , 0.231139 , 
28 , --map-by core ETH , 8192 x 8192 , 0.112499 , 6.69956e-05 , 0.119867 , 0.232438 , 
28 , --map-by core ETH , 8192 x 8192 , 0.110006 , 6.41346e-05 , 0.120191 , 0.230267 , 
28 , --map-by core ETH , 8192 x 8192 , 0.109693 , 6.79493e-05 , 0.120746 , 0.230514 , 
29 , --map-by core ETH , 8192 x 8192 , 0.125464 , 7.60555e-05 , 0.129387 , 0.254932 , 
29 , --map-by core ETH , 8192 x 8192 , 0.112128 , 8.08239e-05 , 0.121956 , 0.234172 , 
29 , --map-by core ETH , 8192 x 8192 , 0.108411 , 7.10487e-05 , 0.119297 , 0.227787 , 
29 , --map-by core ETH , 8192 x 8192 , 0.119039 , 7.9155e-05 , 0.132235 , 0.251359 , 
29 , --map-by core ETH , 8192 x 8192 , 0.108112 , 7.48634e-05 , 0.12227 , 0.230462 , 
29 , --map-by core ETH , 8192 x 8192 , 0.10731 , 7.60555e-05 , 0.130185 , 0.237577 , 
29 , --map-by core ETH , 8192 x 8192 , 0.114871 , 8.01086e-05 , 0.12165 , 0.236608 , 
29 , --map-by core ETH , 8192 x 8192 , 0.113788 , 9.799e-05 , 0.125828 , 0.239719 , 
29 , --map-by core ETH , 8192 x 8192 , 0.110858 , 7.00951e-05 , 0.121802 , 0.232735 , 
29 , --map-by core ETH , 8192 x 8192 , 0.113476 , 8.60691e-05 , 0.121206 , 0.234774 , 
30 , --map-by core ETH , 8192 x 8192 , 0.111604 , 8.2016e-05 , 0.120748 , 0.232439 , 
30 , --map-by core ETH , 8192 x 8192 , 0.116265 , 8.29697e-05 , 0.120119 , 0.236473 , 
30 , --map-by core ETH , 8192 x 8192 , 0.143171 , 8.2016e-05 , 0.130245 , 0.273505 , 
30 , --map-by core ETH , 8192 x 8192 , 0.133778 , 8.01086e-05 , 0.117409 , 0.251273 , 
30 , --map-by core ETH , 8192 x 8192 , 0.133681 , 0.000105143 , 0.124299 , 0.25809 , 
30 , --map-by core ETH , 8192 x 8192 , 0.129346 , 7.20024e-05 , 0.134847 , 0.264271 , 
30 , --map-by core ETH , 8192 x 8192 , 0.138475 , 8.08239e-05 , 0.116171 , 0.254732 , 
30 , --map-by core ETH , 8192 x 8192 , 0.219916 , 8.01086e-05 , 0.391921 , 0.611923 , 
30 , --map-by core ETH , 8192 x 8192 , 0.121318 , 8.70228e-05 , 0.120837 , 0.242247 , 
30 , --map-by core ETH , 8192 x 8192 , 0.122237 , 7.70092e-05 , 0.120178 , 0.242497 , 
31 , --map-by core ETH , 8192 x 8192 , 0.110913 , 7.20024e-05 , 0.123753 , 0.234744 , 
31 , --map-by core ETH , 8192 x 8192 , 0.121526 , 7.39098e-05 , 0.127767 , 0.249373 , 
31 , --map-by core ETH , 8192 x 8192 , 0.111892 , 7.79629e-05 , 0.125382 , 0.237358 , 
31 , --map-by core ETH , 8192 x 8192 , 0.135972 , 7.70092e-05 , 0.117995 , 0.254051 , 
31 , --map-by core ETH , 8192 x 8192 , 0.117689 , 8.60691e-05 , 0.121665 , 0.239446 , 
31 , --map-by core ETH , 8192 x 8192 , 0.143427 , 7.70092e-05 , 0.128144 , 0.271653 , 
31 , --map-by core ETH , 8192 x 8192 , 0.131071 , 7.29561e-05 , 0.122095 , 0.253244 , 
31 , --map-by core ETH , 8192 x 8192 , 0.117259 , 7.79629e-05 , 0.250512 , 0.367855 , 
31 , --map-by core ETH , 8192 x 8192 , 0.123855 , 7.82013e-05 , 0.119784 , 0.243722 , 
31 , --map-by core ETH , 8192 x 8192 , 0.125141 , 8.39233e-05 , 0.123682 , 0.248913 , 
32 , --map-by core ETH , 8192 x 8192 , 0.146373 , 8.01086e-05 , 0.121859 , 0.268317 , 
32 , --map-by core ETH , 8192 x 8192 , 0.16153 , 8.4877e-05 , 0.147417 , 0.309038 , 
32 , --map-by core ETH , 8192 x 8192 , 0.156363 , 7.70092e-05 , 0.12604 , 0.282486 , 
32 , --map-by core ETH , 8192 x 8192 , 0.158556 , 6.31809e-05 , 0.124213 , 0.282838 , 
32 , --map-by core ETH , 8192 x 8192 , 0.131905 , 7.60555e-05 , 0.124722 , 0.256709 , 
32 , --map-by core ETH , 8192 x 8192 , 0.137683 , 8.2016e-05 , 0.124391 , 0.262163 , 
32 , --map-by core ETH , 8192 x 8192 , 0.120137 , 7.41482e-05 , 0.117244 , 0.23746 , 
32 , --map-by core ETH , 8192 x 8192 , 0.125466 , 7.89165e-05 , 0.124632 , 0.250183 , 
32 , --map-by core ETH , 8192 x 8192 , 0.154195 , 8.70228e-05 , 0.120379 , 0.274667 , 
32 , --map-by core ETH , 8192 x 8192 , 0.13381 , 9.39369e-05 , 0.126857 , 0.260767 , 
